<?xml version="1.0" encoding="utf-8"?><SOAP-ENV:Envelope xmlns:SOAP-ENV="http://schemas.xmlsoap.org/soap/envelope/" xmlns:ns1="http://www.processmaker.com"><SOAP-ENV:Body><ns1:routeCaseResponse><ns1:status_code>0</ns1:status_code><ns1:message>Get invoice Details(chrisk)
                        &lt;br&gt;&lt;br&gt;&lt;table width='100%' cellpadding='0' cellspacing='0'&gt;&lt;tr&gt;&lt;td class='FormTitle'&gt;
                    Debug Messages&lt;/td&gt;&lt;/tr&gt;&lt;/table&gt;
</ns1:message><ns1:timestamp>2014-12-02 02:11:59</ns1:timestamp><ns1:routing><ns1:userId>725769042522e8a2718e3f1032362119</ns1:userId><ns1:userName>Chris Karge</ns1:userName><ns1:taskId>28741455054409a48b8c255075631845</ns1:taskId><ns1:taskName>Get invoice Details</ns1:taskName><ns1:delIndex>3</ns1:delIndex><ns1:delThread>1</ns1:delThread><ns1:delThreadStatus>OPEN</ns1:delThreadStatus></ns1:routing></ns1:routeCaseResponse></SOAP-ENV:Body></SOAP-ENV:Envelope>