<?xml version="1.0" encoding="UTF-8"?><soapenv:Envelope xmlns:soapenv="http://schemas.xmlsoap.org/soap/envelope/" xmlns:xsd="http://www.w3.org/2001/XMLSchema" xmlns:xsi="http://www.w3.org/2001/XMLSchema-instance"><soapenv:Body><sendVariablesRequest xmlns="http://www.processmaker.com"><sessionId>882690429547d744ad79809024830233</sessionId><caseId>141571044547D3C1510CF30095350853</caseId><variables><name>ApproveInvoice</name><value>0</value></variables></sendVariablesRequest></soapenv:Body></soapenv:Envelope>