<?xml version="1.0" encoding="utf-8"?><SOAP-ENV:Envelope xmlns:SOAP-ENV="http://schemas.xmlsoap.org/soap/envelope/" xmlns:ns1="http://www.processmaker.com"><SOAP-ENV:Body><ns1:caseListResponse><ns1:cases><ns1:guid>141571044547d3c1510cf30095350853</ns1:guid><ns1:name>785</ns1:name><ns1:status>TO_DO</ns1:status><ns1:delIndex>2</ns1:delIndex><ns1:processId>58959960954409a3a51d358046560264</ns1:processId></ns1:cases><ns1:cases><ns1:guid>682617187547d26cac6b033026445014</ns1:guid><ns1:name>774</ns1:name><ns1:status>TO_DO</ns1:status><ns1:delIndex>2</ns1:delIndex><ns1:processId>58959960954409a3a51d358046560264</ns1:processId></ns1:cases><ns1:cases><ns1:guid>410980224547c2770007175087288365</ns1:guid><ns1:name>756</ns1:name><ns1:status>TO_DO</ns1:status><ns1:delIndex>1</ns1:delIndex><ns1:processId>58959960954409a3a51d358046560264</ns1:processId></ns1:cases><ns1:cases><ns1:guid>317321777547c276e593b25051011336</ns1:guid><ns1:name>755</ns1:name><ns1:status>TO_DO</ns1:status><ns1:delIndex>1</ns1:delIndex><ns1:processId>58959960954409a3a51d358046560264</ns1:processId></ns1:cases><ns1:cases><ns1:guid>893432617547c09cacfa4d0011915015</ns1:guid><ns1:name>754</ns1:name><ns1:status>DRAFT</ns1:status><ns1:delIndex>1</ns1:delIndex><ns1:processId>99743652354776c245dea19068134606</ns1:processId></ns1:cases><ns1:cases><ns1:guid>752197265547c0820600049087378461</ns1:guid><ns1:name>753</ns1:name><ns1:status>TO_DO</ns1:status><ns1:delIndex>1</ns1:delIndex><ns1:processId>58959960954409a3a51d358046560264</ns1:processId></ns1:cases><ns1:cases><ns1:guid>756317138547c081ea858d7095850578</ns1:guid><ns1:name>752</ns1:name><ns1:status>TO_DO</ns1:status><ns1:delIndex>1</ns1:delIndex><ns1:processId>58959960954409a3a51d358046560264</ns1:processId></ns1:cases><ns1:cases><ns1:guid>663146972547c081d2de547037635173</ns1:guid><ns1:name>751</ns1:name><ns1:status>TO_DO</ns1:status><ns1:delIndex>1</ns1:delIndex><ns1:processId>58959960954409a3a51d358046560264</ns1:processId></ns1:cases><ns1:cases><ns1:guid>514617919547c0819a2ab01052664379</ns1:guid><ns1:name>749</ns1:name><ns1:status>TO_DO</ns1:status><ns1:delIndex>3</ns1:delIndex><ns1:processId>58959960954409a3a51d358046560264</ns1:processId></ns1:cases><ns1:cases><ns1:guid>602386474547c03a4f1c8f9047248416</ns1:guid><ns1:name>746</ns1:name><ns1:status>DRAFT</ns1:status><ns1:delIndex>1</ns1:delIndex><ns1:processId>99743652354776c245dea19068134606</ns1:processId></ns1:cases><ns1:cases><ns1:guid>8806762695478cc5958d216033227538</ns1:guid><ns1:name>741</ns1:name><ns1:status>TO_DO</ns1:status><ns1:delIndex>3</ns1:delIndex><ns1:processId>58959960954409a3a51d358046560264</ns1:processId></ns1:cases><ns1:cases><ns1:guid>91275024454782e3696db74031652252</ns1:guid><ns1:name>726</ns1:name><ns1:status>DRAFT</ns1:status><ns1:delIndex>1</ns1:delIndex><ns1:processId>58959960954409a3a51d358046560264</ns1:processId></ns1:cases><ns1:cases><ns1:guid>33895874054782a0ada60d1077296124</ns1:guid><ns1:name>725</ns1:name><ns1:status>DRAFT</ns1:status><ns1:delIndex>1</ns1:delIndex><ns1:processId>58959960954409a3a51d358046560264</ns1:processId></ns1:cases><ns1:cases><ns1:guid>24237060554782a089a4a07041103127</ns1:guid><ns1:name>724</ns1:name><ns1:status>DRAFT</ns1:status><ns1:delIndex>1</ns1:delIndex><ns1:processId>58959960954409a3a51d358046560264</ns1:processId></ns1:cases><ns1:cases><ns1:guid>1526794435478160d640b13015730510</ns1:guid><ns1:name>723</ns1:name><ns1:status>TO_DO</ns1:status><ns1:delIndex>3</ns1:delIndex><ns1:processId>58959960954409a3a51d358046560264</ns1:processId></ns1:cases><ns1:cases><ns1:guid>69549560554777464b18d71000140812</ns1:guid><ns1:name>704</ns1:name><ns1:status>DRAFT</ns1:status><ns1:delIndex>1</ns1:delIndex><ns1:processId>99743652354776c245dea19068134606</ns1:processId></ns1:cases><ns1:cases><ns1:guid>652404785547768eca6ed51091506962</ns1:guid><ns1:name>699</ns1:name><ns1:status>DRAFT</ns1:status><ns1:delIndex>1</ns1:delIndex><ns1:processId>45324707054755a07080437045580376</ns1:processId></ns1:cases><ns1:cases><ns1:guid>7777709965476ea0cd6e118083752385</ns1:guid><ns1:name>690</ns1:name><ns1:status>DRAFT</ns1:status><ns1:delIndex>1</ns1:delIndex><ns1:processId>58465576153ec610140e189057815868</ns1:processId></ns1:cases><ns1:cases><ns1:guid>2300415035476e9da823aa6069893088</ns1:guid><ns1:name>689</ns1:name><ns1:status>DRAFT</ns1:status><ns1:delIndex>1</ns1:delIndex><ns1:processId>45324707054755a07080437045580376</ns1:processId></ns1:cases><ns1:cases><ns1:guid>96868896454767b16216a83041012070</ns1:guid><ns1:name>675</ns1:name><ns1:status>TO_DO</ns1:status><ns1:delIndex>1</ns1:delIndex><ns1:processId>58959960954409a3a51d358046560264</ns1:processId></ns1:cases><ns1:cases><ns1:guid>60418701154758bcf9c6f47011045214</ns1:guid><ns1:name>674</ns1:name><ns1:status>TO_DO</ns1:status><ns1:delIndex>1</ns1:delIndex><ns1:processId>58959960954409a3a51d358046560264</ns1:processId></ns1:cases><ns1:cases><ns1:guid>28872680654758bcda0e187005713499</ns1:guid><ns1:name>673</ns1:name><ns1:status>TO_DO</ns1:status><ns1:delIndex>1</ns1:delIndex><ns1:processId>58959960954409a3a51d358046560264</ns1:processId></ns1:cases><ns1:cases><ns1:guid>61871337854758a94520bf3057251882</ns1:guid><ns1:name>672</ns1:name><ns1:status>TO_DO</ns1:status><ns1:delIndex>1</ns1:delIndex><ns1:processId>58959960954409a3a51d358046560264</ns1:processId></ns1:cases><ns1:cases><ns1:guid>37503051754758a925a70f1047077399</ns1:guid><ns1:name>671</ns1:name><ns1:status>DRAFT</ns1:status><ns1:delIndex>1</ns1:delIndex><ns1:processId>58959960954409a3a51d358046560264</ns1:processId></ns1:cases><ns1:cases><ns1:guid>404724121547589572a1e74011801974</ns1:guid><ns1:name>670</ns1:name><ns1:status>TO_DO</ns1:status><ns1:delIndex>1</ns1:delIndex><ns1:processId>58959960954409a3a51d358046560264</ns1:processId></ns1:cases><ns1:cases><ns1:guid>16250610354758955994253023894491</ns1:guid><ns1:name>669</ns1:name><ns1:status>TO_DO</ns1:status><ns1:delIndex>1</ns1:delIndex><ns1:processId>58959960954409a3a51d358046560264</ns1:processId></ns1:cases><ns1:cases><ns1:guid>607788085547587db4fb778002942880</ns1:guid><ns1:name>668</ns1:name><ns1:status>TO_DO</ns1:status><ns1:delIndex>1</ns1:delIndex><ns1:processId>58959960954409a3a51d358046560264</ns1:processId></ns1:cases><ns1:cases><ns1:guid>192474365547587d96ed3f6037218653</ns1:guid><ns1:name>667</ns1:name><ns1:status>DRAFT</ns1:status><ns1:delIndex>1</ns1:delIndex><ns1:processId>58959960954409a3a51d358046560264</ns1:processId></ns1:cases><ns1:cases><ns1:guid>666198730547587d75e3747051796412</ns1:guid><ns1:name>666</ns1:name><ns1:status>DRAFT</ns1:status><ns1:delIndex>1</ns1:delIndex><ns1:processId>58959960954409a3a51d358046560264</ns1:processId></ns1:cases><ns1:cases><ns1:guid>179504394547584ea515487065328667</ns1:guid><ns1:name>665</ns1:name><ns1:status>TO_DO</ns1:status><ns1:delIndex>1</ns1:delIndex><ns1:processId>58959960954409a3a51d358046560264</ns1:processId></ns1:cases><ns1:cases><ns1:guid>589141845547584e76cd7e2010589291</ns1:guid><ns1:name>664</ns1:name><ns1:status>DRAFT</ns1:status><ns1:delIndex>1</ns1:delIndex><ns1:processId>58959960954409a3a51d358046560264</ns1:processId></ns1:cases><ns1:cases><ns1:guid>199340820547584e4689a24093950389</ns1:guid><ns1:name>663</ns1:name><ns1:status>DRAFT</ns1:status><ns1:delIndex>1</ns1:delIndex><ns1:processId>58959960954409a3a51d358046560264</ns1:processId></ns1:cases><ns1:cases><ns1:guid>3446960445475487ad63e19019192504</ns1:guid><ns1:name>661</ns1:name><ns1:status>TO_DO</ns1:status><ns1:delIndex>1</ns1:delIndex><ns1:processId>58959960954409a3a51d358046560264</ns1:processId></ns1:cases><ns1:cases><ns1:guid>42053222654754879e81180064797243</ns1:guid><ns1:name>660</ns1:name><ns1:status>DRAFT</ns1:status><ns1:delIndex>1</ns1:delIndex><ns1:processId>58959960954409a3a51d358046560264</ns1:processId></ns1:cases><ns1:cases><ns1:guid>616302490545b3b044b6198006697522</ns1:guid><ns1:name>656</ns1:name><ns1:status>TO_DO</ns1:status><ns1:delIndex>2</ns1:delIndex><ns1:processId>58959960954409a3a51d358046560264</ns1:processId></ns1:cases><ns1:cases><ns1:guid>33953857454573cc53906e9086719142</ns1:guid><ns1:name>649</ns1:name><ns1:status>TO_DO</ns1:status><ns1:delIndex>3</ns1:delIndex><ns1:processId>58959960954409a3a51d358046560264</ns1:processId></ns1:cases><ns1:cases><ns1:guid>86975097654573ac1575ef4036429481</ns1:guid><ns1:name>648</ns1:name><ns1:status>TO_DO</ns1:status><ns1:delIndex>3</ns1:delIndex><ns1:processId>58959960954409a3a51d358046560264</ns1:processId></ns1:cases><ns1:cases><ns1:guid>25424194354573084aa0be4016038670</ns1:guid><ns1:name>647</ns1:name><ns1:status>TO_DO</ns1:status><ns1:delIndex>5</ns1:delIndex><ns1:processId>58959960954409a3a51d358046560264</ns1:processId></ns1:cases><ns1:cases><ns1:guid>17840576154573060752669075661712</ns1:guid><ns1:name>646</ns1:name><ns1:status>TO_DO</ns1:status><ns1:delIndex>3</ns1:delIndex><ns1:processId>58959960954409a3a51d358046560264</ns1:processId></ns1:cases><ns1:cases><ns1:guid>897033691545718f96f7d89076264161</ns1:guid><ns1:name>645</ns1:name><ns1:status>DRAFT</ns1:status><ns1:delIndex>1</ns1:delIndex><ns1:processId>45690917952d439ce8eb2c9075840898</ns1:processId></ns1:cases><ns1:cases><ns1:guid>7591857915456e925abc7f2053483514</ns1:guid><ns1:name>644</ns1:name><ns1:status>TO_DO</ns1:status><ns1:delIndex>3</ns1:delIndex><ns1:processId>58959960954409a3a51d358046560264</ns1:processId></ns1:cases><ns1:cases><ns1:guid>94061279254534419cdb2d0064055537</ns1:guid><ns1:name>643</ns1:name><ns1:status>DRAFT</ns1:status><ns1:delIndex>1</ns1:delIndex><ns1:processId>58959960954409a3a51d358046560264</ns1:processId></ns1:cases><ns1:cases><ns1:guid>50906372054533148dcf0c0064669487</ns1:guid><ns1:name>642</ns1:name><ns1:status>TO_DO</ns1:status><ns1:delIndex>3</ns1:delIndex><ns1:processId>58959960954409a3a51d358046560264</ns1:processId></ns1:cases><ns1:cases><ns1:guid>1929016115453114ce83216042157021</ns1:guid><ns1:name>641</ns1:name><ns1:status>TO_DO</ns1:status><ns1:delIndex>3</ns1:delIndex><ns1:processId>58959960954409a3a51d358046560264</ns1:processId></ns1:cases><ns1:cases><ns1:guid>35241699254530c9e711e47077039319</ns1:guid><ns1:name>640</ns1:name><ns1:status>TO_DO</ns1:status><ns1:delIndex>3</ns1:delIndex><ns1:processId>58959960954409a3a51d358046560264</ns1:processId></ns1:cases><ns1:cases><ns1:guid>3623962405451fbf5b4da24081769544</ns1:guid><ns1:name>639</ns1:name><ns1:status>DRAFT</ns1:status><ns1:delIndex>1</ns1:delIndex><ns1:processId>58959960954409a3a51d358046560264</ns1:processId></ns1:cases><ns1:cases><ns1:guid>8780822755450a19a2dc2d3098826516</ns1:guid><ns1:name>637</ns1:name><ns1:status>TO_DO</ns1:status><ns1:delIndex>11</ns1:delIndex><ns1:processId>58959960954409a3a51d358046560264</ns1:processId></ns1:cases><ns1:cases><ns1:guid>47656250054509f75d178a1030002749</ns1:guid><ns1:name>636</ns1:name><ns1:status>TO_DO</ns1:status><ns1:delIndex>7</ns1:delIndex><ns1:processId>58959960954409a3a51d358046560264</ns1:processId></ns1:cases><ns1:cases><ns1:guid>1218566895450980e9b1df8079306955</ns1:guid><ns1:name>633</ns1:name><ns1:status>TO_DO</ns1:status><ns1:delIndex>2</ns1:delIndex><ns1:processId>58959960954409a3a51d358046560264</ns1:processId></ns1:cases><ns1:cases><ns1:guid>724884033545067ee5b5f02065883077</ns1:guid><ns1:name>630</ns1:name><ns1:status>TO_DO</ns1:status><ns1:delIndex>2</ns1:delIndex><ns1:processId>58959960954409a3a51d358046560264</ns1:processId></ns1:cases><ns1:cases><ns1:guid>87017822254505b1cee1a19000141270</ns1:guid><ns1:name>627</ns1:name><ns1:status>TO_DO</ns1:status><ns1:delIndex>2</ns1:delIndex><ns1:processId>58959960954409a3a51d358046560264</ns1:processId></ns1:cases><ns1:cases><ns1:guid>731781005545040a16349e7026529390</ns1:guid><ns1:name>625</ns1:name><ns1:status>TO_DO</ns1:status><ns1:delIndex>1</ns1:delIndex><ns1:processId>58959960954409a3a51d358046560264</ns1:processId></ns1:cases><ns1:cases><ns1:guid>8666992185450404ed6ce15065703180</ns1:guid><ns1:name>624</ns1:name><ns1:status>DRAFT</ns1:status><ns1:delIndex>1</ns1:delIndex><ns1:processId>58959960954409a3a51d358046560264</ns1:processId></ns1:cases><ns1:cases><ns1:guid>46911621054503f3ad81727028167590</ns1:guid><ns1:name>623</ns1:name><ns1:status>TO_DO</ns1:status><ns1:delIndex>1</ns1:delIndex><ns1:processId>58959960954409a3a51d358046560264</ns1:processId></ns1:cases><ns1:cases><ns1:guid>929351806545039477c0537021357924</ns1:guid><ns1:name>622</ns1:name><ns1:status>DRAFT</ns1:status><ns1:delIndex>1</ns1:delIndex><ns1:processId>58959960954409a3a51d358046560264</ns1:processId></ns1:cases><ns1:cases><ns1:guid>310241699544f257363c1b0035038302</ns1:guid><ns1:name>620</ns1:name><ns1:status>TO_DO</ns1:status><ns1:delIndex>1</ns1:delIndex><ns1:processId>58959960954409a3a51d358046560264</ns1:processId></ns1:cases><ns1:cases><ns1:guid>599517822544e065c629527097760620</ns1:guid><ns1:name>615</ns1:name><ns1:status>DRAFT</ns1:status><ns1:delIndex>1</ns1:delIndex><ns1:processId>58959960954409a3a51d358046560264</ns1:processId></ns1:cases><ns1:cases><ns1:guid>640380859544dfe9b7672d6073432403</ns1:guid><ns1:name>614</ns1:name><ns1:status>DRAFT</ns1:status><ns1:delIndex>1</ns1:delIndex><ns1:processId>58959960954409a3a51d358046560264</ns1:processId></ns1:cases><ns1:cases><ns1:guid>315368652544dfcb4e3c310071550447</ns1:guid><ns1:name>613</ns1:name><ns1:status>DRAFT</ns1:status><ns1:delIndex>1</ns1:delIndex><ns1:processId>58959960954409a3a51d358046560264</ns1:processId></ns1:cases><ns1:cases><ns1:guid>900604248544df843432ab0088700500</ns1:guid><ns1:name>612</ns1:name><ns1:status>DRAFT</ns1:status><ns1:delIndex>1</ns1:delIndex><ns1:processId>58959960954409a3a51d358046560264</ns1:processId></ns1:cases><ns1:cases><ns1:guid>108551025544df0eae1e643006274877</ns1:guid><ns1:name>611</ns1:name><ns1:status>DRAFT</ns1:status><ns1:delIndex>1</ns1:delIndex><ns1:processId>58959960954409a3a51d358046560264</ns1:processId></ns1:cases><ns1:cases><ns1:guid>828521728544de8ff3f6b18045739399</ns1:guid><ns1:name>610</ns1:name><ns1:status>DRAFT</ns1:status><ns1:delIndex>1</ns1:delIndex><ns1:processId>58959960954409a3a51d358046560264</ns1:processId></ns1:cases><ns1:cases><ns1:guid>194122314544ddfb15593a5081000653</ns1:guid><ns1:name>609</ns1:name><ns1:status>TO_DO</ns1:status><ns1:delIndex>1</ns1:delIndex><ns1:processId>58959960954409a3a51d358046560264</ns1:processId></ns1:cases><ns1:cases><ns1:guid>970825195544dbf1b4422d6020995613</ns1:guid><ns1:name>608</ns1:name><ns1:status>TO_DO</ns1:status><ns1:delIndex>1</ns1:delIndex><ns1:processId>58959960954409a3a51d358046560264</ns1:processId></ns1:cases><ns1:cases><ns1:guid>4385681155447e051c6bef7043235062</ns1:guid><ns1:name>607</ns1:name><ns1:status>TO_DO</ns1:status><ns1:delIndex>1</ns1:delIndex><ns1:processId>58959960954409a3a51d358046560264</ns1:processId></ns1:cases><ns1:cases><ns1:guid>4677734375447e0151d55c5083081498</ns1:guid><ns1:name>606</ns1:name><ns1:status>TO_DO</ns1:status><ns1:delIndex>1</ns1:delIndex><ns1:processId>58959960954409a3a51d358046560264</ns1:processId></ns1:cases><ns1:cases><ns1:guid>4021301265447dfad9ed2f7065425524</ns1:guid><ns1:name>605</ns1:name><ns1:status>TO_DO</ns1:status><ns1:delIndex>1</ns1:delIndex><ns1:processId>58959960954409a3a51d358046560264</ns1:processId></ns1:cases><ns1:cases><ns1:guid>7244262695447debdd6efa3036255886</ns1:guid><ns1:name>604</ns1:name><ns1:status>TO_DO</ns1:status><ns1:delIndex>1</ns1:delIndex><ns1:processId>58959960954409a3a51d358046560264</ns1:processId></ns1:cases><ns1:cases><ns1:guid>8637084965447dd0b0cbe69013704600</ns1:guid><ns1:name>603</ns1:name><ns1:status>TO_DO</ns1:status><ns1:delIndex>1</ns1:delIndex><ns1:processId>58959960954409a3a51d358046560264</ns1:processId></ns1:cases><ns1:cases><ns1:guid>5325012205447d9f8606f42093317532</ns1:guid><ns1:name>602</ns1:name><ns1:status>TO_DO</ns1:status><ns1:delIndex>1</ns1:delIndex><ns1:processId>58959960954409a3a51d358046560264</ns1:processId></ns1:cases><ns1:cases><ns1:guid>4773254395447d9ae164491065634162</ns1:guid><ns1:name>601</ns1:name><ns1:status>TO_DO</ns1:status><ns1:delIndex>1</ns1:delIndex><ns1:processId>58959960954409a3a51d358046560264</ns1:processId></ns1:cases><ns1:cases><ns1:guid>5098876955447d95e3f2261090139624</ns1:guid><ns1:name>600</ns1:name><ns1:status>TO_DO</ns1:status><ns1:delIndex>1</ns1:delIndex><ns1:processId>58959960954409a3a51d358046560264</ns1:processId></ns1:cases><ns1:cases><ns1:guid>4104919435447d8fc49eaa8091787204</ns1:guid><ns1:name>599</ns1:name><ns1:status>TO_DO</ns1:status><ns1:delIndex>1</ns1:delIndex><ns1:processId>58959960954409a3a51d358046560264</ns1:processId></ns1:cases><ns1:cases><ns1:guid>6677246095447d873288327038729104</ns1:guid><ns1:name>598</ns1:name><ns1:status>TO_DO</ns1:status><ns1:delIndex>1</ns1:delIndex><ns1:processId>58959960954409a3a51d358046560264</ns1:processId></ns1:cases><ns1:cases><ns1:guid>3919677735447d81b8750d9064093578</ns1:guid><ns1:name>597</ns1:name><ns1:status>TO_DO</ns1:status><ns1:delIndex>1</ns1:delIndex><ns1:processId>58959960954409a3a51d358046560264</ns1:processId></ns1:cases><ns1:cases><ns1:guid>8600463865447d713775ac2074514998</ns1:guid><ns1:name>596</ns1:name><ns1:status>TO_DO</ns1:status><ns1:delIndex>1</ns1:delIndex><ns1:processId>58959960954409a3a51d358046560264</ns1:processId></ns1:cases><ns1:cases><ns1:guid>5297241215447d6c7aabbd6071948454</ns1:guid><ns1:name>595</ns1:name><ns1:status>TO_DO</ns1:status><ns1:delIndex>1</ns1:delIndex><ns1:processId>58959960954409a3a51d358046560264</ns1:processId></ns1:cases><ns1:cases><ns1:guid>3875427245447d666149262006813338</ns1:guid><ns1:name>594</ns1:name><ns1:status>TO_DO</ns1:status><ns1:delIndex>1</ns1:delIndex><ns1:processId>58959960954409a3a51d358046560264</ns1:processId></ns1:cases><ns1:cases><ns1:guid>8976440425447d5c8439232069090352</ns1:guid><ns1:name>593</ns1:name><ns1:status>TO_DO</ns1:status><ns1:delIndex>1</ns1:delIndex><ns1:processId>58959960954409a3a51d358046560264</ns1:processId></ns1:cases><ns1:cases><ns1:guid>2511291505447d55acc0ed6056464157</ns1:guid><ns1:name>592</ns1:name><ns1:status>TO_DO</ns1:status><ns1:delIndex>1</ns1:delIndex><ns1:processId>58959960954409a3a51d358046560264</ns1:processId></ns1:cases><ns1:cases><ns1:guid>4221496585447d4f23971c9039220502</ns1:guid><ns1:name>591</ns1:name><ns1:status>TO_DO</ns1:status><ns1:delIndex>1</ns1:delIndex><ns1:processId>58959960954409a3a51d358046560264</ns1:processId></ns1:cases><ns1:cases><ns1:guid>2171020505447d498efab97061530780</ns1:guid><ns1:name>590</ns1:name><ns1:status>TO_DO</ns1:status><ns1:delIndex>1</ns1:delIndex><ns1:processId>58959960954409a3a51d358046560264</ns1:processId></ns1:cases><ns1:cases><ns1:guid>5816650395447d30e4ce1b9006335437</ns1:guid><ns1:name>589</ns1:name><ns1:status>TO_DO</ns1:status><ns1:delIndex>1</ns1:delIndex><ns1:processId>58959960954409a3a51d358046560264</ns1:processId></ns1:cases><ns1:cases><ns1:guid>6030273435447d22da6a853061412717</ns1:guid><ns1:name>588</ns1:name><ns1:status>TO_DO</ns1:status><ns1:delIndex>1</ns1:delIndex><ns1:processId>58959960954409a3a51d358046560264</ns1:processId></ns1:cases><ns1:cases><ns1:guid>6982116695447d1229f75b7051171009</ns1:guid><ns1:name>587</ns1:name><ns1:status>TO_DO</ns1:status><ns1:delIndex>1</ns1:delIndex><ns1:processId>58959960954409a3a51d358046560264</ns1:processId></ns1:cases><ns1:cases><ns1:guid>4692382815447d0503199c7073378675</ns1:guid><ns1:name>586</ns1:name><ns1:status>TO_DO</ns1:status><ns1:delIndex>1</ns1:delIndex><ns1:processId>58959960954409a3a51d358046560264</ns1:processId></ns1:cases><ns1:cases><ns1:guid>1208190915447cf91bd98f5025257255</ns1:guid><ns1:name>585</ns1:name><ns1:status>TO_DO</ns1:status><ns1:delIndex>1</ns1:delIndex><ns1:processId>58959960954409a3a51d358046560264</ns1:processId></ns1:cases><ns1:cases><ns1:guid>6759338375447ceeef2d290027237300</ns1:guid><ns1:name>584</ns1:name><ns1:status>TO_DO</ns1:status><ns1:delIndex>1</ns1:delIndex><ns1:processId>58959960954409a3a51d358046560264</ns1:processId></ns1:cases><ns1:cases><ns1:guid>3202209475447cd9c021427027331304</ns1:guid><ns1:name>583</ns1:name><ns1:status>TO_DO</ns1:status><ns1:delIndex>1</ns1:delIndex><ns1:processId>58959960954409a3a51d358046560264</ns1:processId></ns1:cases><ns1:cases><ns1:guid>113769531544759145fffc4036299851</ns1:guid><ns1:name>582</ns1:name><ns1:status>TO_DO</ns1:status><ns1:delIndex>1</ns1:delIndex><ns1:processId>58959960954409a3a51d358046560264</ns1:processId></ns1:cases><ns1:cases><ns1:guid>7014770505447567edd81d7099004226</ns1:guid><ns1:name>581</ns1:name><ns1:status>TO_DO</ns1:status><ns1:delIndex>1</ns1:delIndex><ns1:processId>58959960954409a3a51d358046560264</ns1:processId></ns1:cases><ns1:cases><ns1:guid>9281616215447168d8ff970090926011</ns1:guid><ns1:name>580</ns1:name><ns1:status>DRAFT</ns1:status><ns1:delIndex>1</ns1:delIndex><ns1:processId>45690917952d439ce8eb2c9075840898</ns1:processId></ns1:cases><ns1:cases><ns1:guid>3517150875447150b28dee3034825635</ns1:guid><ns1:name>579</ns1:name><ns1:status>TO_DO</ns1:status><ns1:delIndex>1</ns1:delIndex><ns1:processId>58959960954409a3a51d358046560264</ns1:processId></ns1:cases><ns1:cases><ns1:guid>648040771544712d4d8d961052745873</ns1:guid><ns1:name>578</ns1:name><ns1:status>TO_DO</ns1:status><ns1:delIndex>1</ns1:delIndex><ns1:processId>58959960954409a3a51d358046560264</ns1:processId></ns1:cases><ns1:cases><ns1:guid>8978881835446ef69ead938030222613</ns1:guid><ns1:name>577</ns1:name><ns1:status>TO_DO</ns1:status><ns1:delIndex>1</ns1:delIndex><ns1:processId>58959960954409a3a51d358046560264</ns1:processId></ns1:cases><ns1:cases><ns1:guid>9555664065446eb32e313e5097686963</ns1:guid><ns1:name>576</ns1:name><ns1:status>DRAFT</ns1:status><ns1:delIndex>1</ns1:delIndex><ns1:processId>45690917952d439ce8eb2c9075840898</ns1:processId></ns1:cases><ns1:cases><ns1:guid>1997680665446e9415a1be2089096177</ns1:guid><ns1:name>575</ns1:name><ns1:status>TO_DO</ns1:status><ns1:delIndex>1</ns1:delIndex><ns1:processId>58959960954409a3a51d358046560264</ns1:processId></ns1:cases><ns1:cases><ns1:guid>6996154785446e60e26bf95090558255</ns1:guid><ns1:name>574</ns1:name><ns1:status>DRAFT</ns1:status><ns1:delIndex>1</ns1:delIndex><ns1:processId>45690917952d439ce8eb2c9075840898</ns1:processId></ns1:cases><ns1:cases><ns1:guid>3968200685446e5cbe3df88011073079</ns1:guid><ns1:name>573</ns1:name><ns1:status>TO_DO</ns1:status><ns1:delIndex>1</ns1:delIndex><ns1:processId>58959960954409a3a51d358046560264</ns1:processId></ns1:cases><ns1:cases><ns1:guid>4874877925446e339924469082344012</ns1:guid><ns1:name>572</ns1:name><ns1:status>TO_DO</ns1:status><ns1:delIndex>1</ns1:delIndex><ns1:processId>58959960954409a3a51d358046560264</ns1:processId></ns1:cases><ns1:cases><ns1:guid>8678283695446e0e1164549060676009</ns1:guid><ns1:name>570</ns1:name><ns1:status>DRAFT</ns1:status><ns1:delIndex>1</ns1:delIndex><ns1:processId>45690917952d439ce8eb2c9075840898</ns1:processId></ns1:cases><ns1:cases><ns1:guid>9675903325446dcb572c151087720916</ns1:guid><ns1:name>569</ns1:name><ns1:status>DRAFT</ns1:status><ns1:delIndex>1</ns1:delIndex><ns1:processId>45690917952d439ce8eb2c9075840898</ns1:processId></ns1:cases><ns1:cases><ns1:guid>4072570805446ccf6c31316063220344</ns1:guid><ns1:name>568</ns1:name><ns1:status>TO_DO</ns1:status><ns1:delIndex>1</ns1:delIndex><ns1:processId>58959960954409a3a51d358046560264</ns1:processId></ns1:cases><ns1:cases><ns1:guid>98541259754468bd719df49050587250</ns1:guid><ns1:name>567</ns1:name><ns1:status>DRAFT</ns1:status><ns1:delIndex>1</ns1:delIndex><ns1:processId>45690917952d439ce8eb2c9075840898</ns1:processId></ns1:cases><ns1:cases><ns1:guid>90698242154461fcf34e212021103188</ns1:guid><ns1:name>566</ns1:name><ns1:status>DRAFT</ns1:status><ns1:delIndex>1</ns1:delIndex><ns1:processId>58959960954409a3a51d358046560264</ns1:processId></ns1:cases><ns1:cases><ns1:guid>79086303754461ca1667e24032423476</ns1:guid><ns1:name>565</ns1:name><ns1:status>DRAFT</ns1:status><ns1:delIndex>1</ns1:delIndex><ns1:processId>58959960954409a3a51d358046560264</ns1:processId></ns1:cases><ns1:cases><ns1:guid>12390136754460e8eea2e17093652568</ns1:guid><ns1:name>564</ns1:name><ns1:status>TO_DO</ns1:status><ns1:delIndex>1</ns1:delIndex><ns1:processId>58959960954409a3a51d358046560264</ns1:processId></ns1:cases><ns1:cases><ns1:guid>34298706054460e0193dc87001626917</ns1:guid><ns1:name>563</ns1:name><ns1:status>TO_DO</ns1:status><ns1:delIndex>1</ns1:delIndex><ns1:processId>58959960954409a3a51d358046560264</ns1:processId></ns1:cases><ns1:cases><ns1:guid>2753295895445cfe2620432014677880</ns1:guid><ns1:name>562</ns1:name><ns1:status>TO_DO</ns1:status><ns1:delIndex>1</ns1:delIndex><ns1:processId>58959960954409a3a51d358046560264</ns1:processId></ns1:cases><ns1:cases><ns1:guid>3532714845445cc4ae5e243053874832</ns1:guid><ns1:name>561</ns1:name><ns1:status>TO_DO</ns1:status><ns1:delIndex>1</ns1:delIndex><ns1:processId>58959960954409a3a51d358046560264</ns1:processId></ns1:cases><ns1:cases><ns1:guid>6964111325445c6fec94e50003923614</ns1:guid><ns1:name>560</ns1:name><ns1:status>TO_DO</ns1:status><ns1:delIndex>1</ns1:delIndex><ns1:processId>58959960954409a3a51d358046560264</ns1:processId></ns1:cases><ns1:cases><ns1:guid>8075866695445b90eb68230080450006</ns1:guid><ns1:name>559</ns1:name><ns1:status>TO_DO</ns1:status><ns1:delIndex>1</ns1:delIndex><ns1:processId>58959960954409a3a51d358046560264</ns1:processId></ns1:cases><ns1:cases><ns1:guid>90835571254459c3e177ae5061748868</ns1:guid><ns1:name>558</ns1:name><ns1:status>DRAFT</ns1:status><ns1:delIndex>1</ns1:delIndex><ns1:processId>58959960954409a3a51d358046560264</ns1:processId></ns1:cases><ns1:cases><ns1:guid>68408203154459b5ef0b8e9010216736</ns1:guid><ns1:name>557</ns1:name><ns1:status>DRAFT</ns1:status><ns1:delIndex>1</ns1:delIndex><ns1:processId>58959960954409a3a51d358046560264</ns1:processId></ns1:cases><ns1:cases><ns1:guid>303253173544599959337b7034038614</ns1:guid><ns1:name>556</ns1:name><ns1:status>DRAFT</ns1:status><ns1:delIndex>1</ns1:delIndex><ns1:processId>58959960954409a3a51d358046560264</ns1:processId></ns1:cases><ns1:cases><ns1:guid>315368652544599266d6531092390466</ns1:guid><ns1:name>555</ns1:name><ns1:status>DRAFT</ns1:status><ns1:delIndex>1</ns1:delIndex><ns1:processId>58959960954409a3a51d358046560264</ns1:processId></ns1:cases><ns1:cases><ns1:guid>6487426755445943f876510089374664</ns1:guid><ns1:name>554</ns1:name><ns1:status>DRAFT</ns1:status><ns1:delIndex>1</ns1:delIndex><ns1:processId>58959960954409a3a51d358046560264</ns1:processId></ns1:cases><ns1:cases><ns1:guid>7328186035444bca7bb05f9040741939</ns1:guid><ns1:name>553</ns1:name><ns1:status>TO_DO</ns1:status><ns1:delIndex>2</ns1:delIndex><ns1:processId>58959960954409a3a51d358046560264</ns1:processId></ns1:cases><ns1:cases><ns1:guid>9495544435444b774f3bea5056096296</ns1:guid><ns1:name>552</ns1:name><ns1:status>TO_DO</ns1:status><ns1:delIndex>2</ns1:delIndex><ns1:processId>246063232533ce387c45b79093418810</ns1:processId></ns1:cases><ns1:cases><ns1:guid>5704956055444982a3ba948033653871</ns1:guid><ns1:name>551</ns1:name><ns1:status>DRAFT</ns1:status><ns1:delIndex>1</ns1:delIndex><ns1:processId>58959960954409a3a51d358046560264</ns1:processId></ns1:cases><ns1:cases><ns1:guid>966644287544490730f6431037495932</ns1:guid><ns1:name>550</ns1:name><ns1:status>DRAFT</ns1:status><ns1:delIndex>1</ns1:delIndex><ns1:processId>58959960954409a3a51d358046560264</ns1:processId></ns1:cases><ns1:cases><ns1:guid>40527343754447d83949c43000488932</ns1:guid><ns1:name>549</ns1:name><ns1:status>DRAFT</ns1:status><ns1:delIndex>1</ns1:delIndex><ns1:processId>58959960954409a3a51d358046560264</ns1:processId></ns1:cases><ns1:cases><ns1:guid>150726318544464026d3253019012509</ns1:guid><ns1:name>548</ns1:name><ns1:status>DRAFT</ns1:status><ns1:delIndex>1</ns1:delIndex><ns1:processId>58959960954409a3a51d358046560264</ns1:processId></ns1:cases><ns1:cases><ns1:guid>3933410645444637caa6668070395388</ns1:guid><ns1:name>547</ns1:name><ns1:status>DRAFT</ns1:status><ns1:delIndex>1</ns1:delIndex><ns1:processId>58959960954409a3a51d358046560264</ns1:processId></ns1:cases><ns1:cases><ns1:guid>11083984354418cc96972e7044490205</ns1:guid><ns1:name>546</ns1:name><ns1:status>DRAFT</ns1:status><ns1:delIndex>1</ns1:delIndex><ns1:processId>58959960954409a3a51d358046560264</ns1:processId></ns1:cases><ns1:cases><ns1:guid>93026733354418c5c594115063030205</ns1:guid><ns1:name>545</ns1:name><ns1:status>DRAFT</ns1:status><ns1:delIndex>1</ns1:delIndex><ns1:processId>58959960954409a3a51d358046560264</ns1:processId></ns1:cases><ns1:cases><ns1:guid>656982421544182c498c768093193629</ns1:guid><ns1:name>544</ns1:name><ns1:status>DRAFT</ns1:status><ns1:delIndex>1</ns1:delIndex><ns1:processId>58959960954409a3a51d358046560264</ns1:processId></ns1:cases><ns1:cases><ns1:guid>602508544544181d068be20003745120</ns1:guid><ns1:name>542</ns1:name><ns1:status>DRAFT</ns1:status><ns1:delIndex>1</ns1:delIndex><ns1:processId>58959960954409a3a51d358046560264</ns1:processId></ns1:cases><ns1:cases><ns1:guid>685272216544181319d3678033222687</ns1:guid><ns1:name>541</ns1:name><ns1:status>TO_DO</ns1:status><ns1:delIndex>2</ns1:delIndex><ns1:processId>58959960954409a3a51d358046560264</ns1:processId></ns1:cases><ns1:cases><ns1:guid>844970703544180cba23600001913308</ns1:guid><ns1:name>540</ns1:name><ns1:status>DRAFT</ns1:status><ns1:delIndex>1</ns1:delIndex><ns1:processId>58959960954409a3a51d358046560264</ns1:processId></ns1:cases><ns1:cases><ns1:guid>3587036135441808f164938029622342</ns1:guid><ns1:name>539</ns1:name><ns1:status>DRAFT</ns1:status><ns1:delIndex>1</ns1:delIndex><ns1:processId>58959960954409a3a51d358046560264</ns1:processId></ns1:cases><ns1:cases><ns1:guid>85516357454417fa6a4dae9023071749</ns1:guid><ns1:name>538</ns1:name><ns1:status>DRAFT</ns1:status><ns1:delIndex>1</ns1:delIndex><ns1:processId>58959960954409a3a51d358046560264</ns1:processId></ns1:cases><ns1:cases><ns1:guid>77767944354417f1dea6956018374471</ns1:guid><ns1:name>537</ns1:name><ns1:status>DRAFT</ns1:status><ns1:delIndex>1</ns1:delIndex><ns1:processId>58959960954409a3a51d358046560264</ns1:processId></ns1:cases><ns1:cases><ns1:guid>74023437554417e6bd4f776064592977</ns1:guid><ns1:name>536</ns1:name><ns1:status>TO_DO</ns1:status><ns1:delIndex>2</ns1:delIndex><ns1:processId>58959960954409a3a51d358046560264</ns1:processId></ns1:cases><ns1:cases><ns1:guid>93292236354417dd1d5c7c2026393372</ns1:guid><ns1:name>535</ns1:name><ns1:status>DRAFT</ns1:status><ns1:delIndex>1</ns1:delIndex><ns1:processId>58959960954409a3a51d358046560264</ns1:processId></ns1:cases><ns1:cases><ns1:guid>53591918954417c3f620b22062507676</ns1:guid><ns1:name>534</ns1:name><ns1:status>DRAFT</ns1:status><ns1:delIndex>1</ns1:delIndex><ns1:processId>58959960954409a3a51d358046560264</ns1:processId></ns1:cases><ns1:cases><ns1:guid>770751953544131d0171bd5020543447</ns1:guid><ns1:name>532</ns1:name><ns1:status>DRAFT</ns1:status><ns1:delIndex>1</ns1:delIndex><ns1:processId>58959960954409a3a51d358046560264</ns1:processId></ns1:cases><ns1:cases><ns1:guid>616027832544131425f6979032765202</ns1:guid><ns1:name>531</ns1:name><ns1:status>TO_DO</ns1:status><ns1:delIndex>2</ns1:delIndex><ns1:processId>58959960954409a3a51d358046560264</ns1:processId></ns1:cases><ns1:cases><ns1:guid>226593017544130c4f409d1077218277</ns1:guid><ns1:name>530</ns1:name><ns1:status>TO_DO</ns1:status><ns1:delIndex>2</ns1:delIndex><ns1:processId>58959960954409a3a51d358046560264</ns1:processId></ns1:cases><ns1:cases><ns1:guid>28485107454413089e14065048537373</ns1:guid><ns1:name>529</ns1:name><ns1:status>TO_DO</ns1:status><ns1:delIndex>2</ns1:delIndex><ns1:processId>58959960954409a3a51d358046560264</ns1:processId></ns1:cases><ns1:cases><ns1:guid>34576416054413034950821040737840</ns1:guid><ns1:name>528</ns1:name><ns1:status>TO_DO</ns1:status><ns1:delIndex>2</ns1:delIndex><ns1:processId>58959960954409a3a51d358046560264</ns1:processId></ns1:cases><ns1:cases><ns1:guid>95413208054412f884d2c29064656929</ns1:guid><ns1:name>527</ns1:name><ns1:status>TO_DO</ns1:status><ns1:delIndex>2</ns1:delIndex><ns1:processId>58959960954409a3a51d358046560264</ns1:processId></ns1:cases><ns1:cases><ns1:guid>55960083054412d06cd8077051194943</ns1:guid><ns1:name>526</ns1:name><ns1:status>TO_DO</ns1:status><ns1:delIndex>2</ns1:delIndex><ns1:processId>58959960954409a3a51d358046560264</ns1:processId></ns1:cases><ns1:cases><ns1:guid>99606323254412bdcd50357019841361</ns1:guid><ns1:name>525</ns1:name><ns1:status>TO_DO</ns1:status><ns1:delIndex>2</ns1:delIndex><ns1:processId>58959960954409a3a51d358046560264</ns1:processId></ns1:cases><ns1:cases><ns1:guid>4479370115440c4500cd6e2007567910</ns1:guid><ns1:name>524</ns1:name><ns1:status>TO_DO</ns1:status><ns1:delIndex>2</ns1:delIndex><ns1:processId>58959960954409a3a51d358046560264</ns1:processId></ns1:cases><ns1:cases><ns1:guid>6902160645440c3ce7add31041036167</ns1:guid><ns1:name>523</ns1:name><ns1:status>TO_DO</ns1:status><ns1:delIndex>2</ns1:delIndex><ns1:processId>58959960954409a3a51d358046560264</ns1:processId></ns1:cases><ns1:cases><ns1:guid>9390869145440a0cfddfd63011349638</ns1:guid><ns1:name>519</ns1:name><ns1:status>TO_DO</ns1:status><ns1:delIndex>2</ns1:delIndex><ns1:processId>246063232533ce387c45b79093418810</ns1:processId></ns1:cases><ns1:cases><ns1:guid>6310729985440a0114d1517054003316</ns1:guid><ns1:name>518</ns1:name><ns1:status>TO_DO</ns1:status><ns1:delIndex>2</ns1:delIndex><ns1:processId>246063232533ce387c45b79093418810</ns1:processId></ns1:cases><ns1:cases><ns1:guid>64398193354409dc24b7041074333281</ns1:guid><ns1:name>517</ns1:name><ns1:status>DRAFT</ns1:status><ns1:delIndex>1</ns1:delIndex><ns1:processId>58959960954409a3a51d358046560264</ns1:processId></ns1:cases><ns1:cases><ns1:guid>89227294954409751129ea4078857702</ns1:guid><ns1:name>515</ns1:name><ns1:status>TO_DO</ns1:status><ns1:delIndex>2</ns1:delIndex><ns1:processId>246063232533ce387c45b79093418810</ns1:processId></ns1:cases><ns1:cases><ns1:guid>12103271454384ebb8a2f03027143649</ns1:guid><ns1:name>501</ns1:name><ns1:status>DRAFT</ns1:status><ns1:delIndex>1</ns1:delIndex><ns1:processId>4440612795253572dc287e2024175018</ns1:processId></ns1:cases><ns1:cases><ns1:guid>13946533254384549d28db1073867551</ns1:guid><ns1:name>500</ns1:name><ns1:status>DRAFT</ns1:status><ns1:delIndex>1</ns1:delIndex><ns1:processId>4440612795253572dc287e2024175018</ns1:processId></ns1:cases><ns1:cases><ns1:guid>506134033543845129b44e3032019852</ns1:guid><ns1:name>499</ns1:name><ns1:status>DRAFT</ns1:status><ns1:delIndex>1</ns1:delIndex><ns1:processId>658081054543773899e9525099067749</ns1:processId></ns1:cases><ns1:cases><ns1:guid>569183349542a1426ba3e29095303210</ns1:guid><ns1:name>495</ns1:name><ns1:status>TO_DO</ns1:status><ns1:delIndex>2</ns1:delIndex><ns1:processId>762786865542a10518d2c47027070889</ns1:processId></ns1:cases><ns1:cases><ns1:guid>63928222653f61aec1860b7001144745</ns1:guid><ns1:name>493</ns1:name><ns1:status>DRAFT</ns1:status><ns1:delIndex>1</ns1:delIndex><ns1:processId>45690917952d439ce8eb2c9075840898</ns1:processId></ns1:cases><ns1:cases><ns1:guid>74154663053f5758376a380025129095</ns1:guid><ns1:name>492</ns1:name><ns1:status>DRAFT</ns1:status><ns1:delIndex>1</ns1:delIndex><ns1:processId>45690917952d439ce8eb2c9075840898</ns1:processId></ns1:cases><ns1:cases><ns1:guid>32852172853f4d354a878f0086027644</ns1:guid><ns1:name>489</ns1:name><ns1:status>DRAFT</ns1:status><ns1:delIndex>1</ns1:delIndex><ns1:processId>45690917952d439ce8eb2c9075840898</ns1:processId></ns1:cases><ns1:cases><ns1:guid>53250122053f17d31588249048133592</ns1:guid><ns1:name>486</ns1:name><ns1:status>TO_DO</ns1:status><ns1:delIndex>2</ns1:delIndex><ns1:processId>246063232533ce387c45b79093418810</ns1:processId></ns1:cases><ns1:cases><ns1:guid>41830444353f0399ead2481095270739</ns1:guid><ns1:name>484</ns1:name><ns1:status>DRAFT</ns1:status><ns1:delIndex>1</ns1:delIndex><ns1:processId>58465576153ec610140e189057815868</ns1:processId></ns1:cases><ns1:cases><ns1:guid>59613037153f0386101a739093624897</ns1:guid><ns1:name>483</ns1:name><ns1:status>DRAFT</ns1:status><ns1:delIndex>1</ns1:delIndex><ns1:processId>58465576153ec610140e189057815868</ns1:processId></ns1:cases><ns1:cases><ns1:guid>59762573253f037b73f2279024754687</ns1:guid><ns1:name>482</ns1:name><ns1:status>DRAFT</ns1:status><ns1:delIndex>1</ns1:delIndex><ns1:processId>58465576153ec610140e189057815868</ns1:processId></ns1:cases><ns1:cases><ns1:guid>77447509753f036b9850312016202778</ns1:guid><ns1:name>481</ns1:name><ns1:status>DRAFT</ns1:status><ns1:delIndex>1</ns1:delIndex><ns1:processId>58465576153ec610140e189057815868</ns1:processId></ns1:cases><ns1:cases><ns1:guid>54867553753f03644358fb5056656572</ns1:guid><ns1:name>480</ns1:name><ns1:status>DRAFT</ns1:status><ns1:delIndex>1</ns1:delIndex><ns1:processId>58465576153ec610140e189057815868</ns1:processId></ns1:cases><ns1:cases><ns1:guid>30200195353f034f00e69b4017022612</ns1:guid><ns1:name>479</ns1:name><ns1:status>DRAFT</ns1:status><ns1:delIndex>1</ns1:delIndex><ns1:processId>58465576153ec610140e189057815868</ns1:processId></ns1:cases><ns1:cases><ns1:guid>59460449253f0347131cfe2014774058</ns1:guid><ns1:name>478</ns1:name><ns1:status>DRAFT</ns1:status><ns1:delIndex>1</ns1:delIndex><ns1:processId>58465576153ec610140e189057815868</ns1:processId></ns1:cases><ns1:cases><ns1:guid>12316894553f0335666b729006995596</ns1:guid><ns1:name>477</ns1:name><ns1:status>DRAFT</ns1:status><ns1:delIndex>1</ns1:delIndex><ns1:processId>58465576153ec610140e189057815868</ns1:processId></ns1:cases><ns1:cases><ns1:guid>55221557653f0319dabbec1001394174</ns1:guid><ns1:name>476</ns1:name><ns1:status>DRAFT</ns1:status><ns1:delIndex>1</ns1:delIndex><ns1:processId>58465576153ec610140e189057815868</ns1:processId></ns1:cases><ns1:cases><ns1:guid>49163818353f0314598cf17090064306</ns1:guid><ns1:name>475</ns1:name><ns1:status>DRAFT</ns1:status><ns1:delIndex>1</ns1:delIndex><ns1:processId>58465576153ec610140e189057815868</ns1:processId></ns1:cases><ns1:cases><ns1:guid>73770141653f02f840629a4081196194</ns1:guid><ns1:name>474</ns1:name><ns1:status>DRAFT</ns1:status><ns1:delIndex>1</ns1:delIndex><ns1:processId>58465576153ec610140e189057815868</ns1:processId></ns1:cases><ns1:cases><ns1:guid>90814208953f02b8dd159b9046597324</ns1:guid><ns1:name>472</ns1:name><ns1:status>DRAFT</ns1:status><ns1:delIndex>1</ns1:delIndex><ns1:processId>58465576153ec610140e189057815868</ns1:processId></ns1:cases><ns1:cases><ns1:guid>84716796853f02b365f4170080972623</ns1:guid><ns1:name>471</ns1:name><ns1:status>DRAFT</ns1:status><ns1:delIndex>1</ns1:delIndex><ns1:processId>58465576153ec610140e189057815868</ns1:processId></ns1:cases><ns1:cases><ns1:guid>38265991253f029e1ea6872067695017</ns1:guid><ns1:name>470</ns1:name><ns1:status>DRAFT</ns1:status><ns1:delIndex>1</ns1:delIndex><ns1:processId>58465576153ec610140e189057815868</ns1:processId></ns1:cases><ns1:cases><ns1:guid>94833374053f027edf1c7d8018947029</ns1:guid><ns1:name>469</ns1:name><ns1:status>DRAFT</ns1:status><ns1:delIndex>1</ns1:delIndex><ns1:processId>78625107048e10327f1cbc7034276910</ns1:processId></ns1:cases><ns1:cases><ns1:guid>67837524453ec8e6bc02154047281230</ns1:guid><ns1:name>468</ns1:name><ns1:status>DRAFT</ns1:status><ns1:delIndex>1</ns1:delIndex><ns1:processId>58465576153ec610140e189057815868</ns1:processId></ns1:cases><ns1:cases><ns1:guid>65936279253ec8a07d2b1c9032957386</ns1:guid><ns1:name>467</ns1:name><ns1:status>DRAFT</ns1:status><ns1:delIndex>1</ns1:delIndex><ns1:processId>58465576153ec610140e189057815868</ns1:processId></ns1:cases><ns1:cases><ns1:guid>46493530253ec7b0e0f8a56040358011</ns1:guid><ns1:name>466</ns1:name><ns1:status>DRAFT</ns1:status><ns1:delIndex>1</ns1:delIndex><ns1:processId>58465576153ec610140e189057815868</ns1:processId></ns1:cases><ns1:cases><ns1:guid>48782348653ec7ac3531739020253127</ns1:guid><ns1:name>465</ns1:name><ns1:status>DRAFT</ns1:status><ns1:delIndex>1</ns1:delIndex><ns1:processId>58465576153ec610140e189057815868</ns1:processId></ns1:cases><ns1:cases><ns1:guid>11093139653ec7ab32d8bd2097713965</ns1:guid><ns1:name>464</ns1:name><ns1:status>DRAFT</ns1:status><ns1:delIndex>1</ns1:delIndex><ns1:processId>414916992534a042b641cd4036241731</ns1:processId></ns1:cases><ns1:cases><ns1:guid>79467773453ec78ea53cdf4013497002</ns1:guid><ns1:name>463</ns1:name><ns1:status>DRAFT</ns1:status><ns1:delIndex>1</ns1:delIndex><ns1:processId>58465576153ec610140e189057815868</ns1:processId></ns1:cases><ns1:cases><ns1:guid>22726440453ec748d2a6eb9019441063</ns1:guid><ns1:name>462</ns1:name><ns1:status>DRAFT</ns1:status><ns1:delIndex>1</ns1:delIndex><ns1:processId>58465576153ec610140e189057815868</ns1:processId></ns1:cases><ns1:cases><ns1:guid>32125854453ec739c34c513017861220</ns1:guid><ns1:name>461</ns1:name><ns1:status>DRAFT</ns1:status><ns1:delIndex>1</ns1:delIndex><ns1:processId>58465576153ec610140e189057815868</ns1:processId></ns1:cases><ns1:cases><ns1:guid>79534912153ec717a4dbcd3072254906</ns1:guid><ns1:name>460</ns1:name><ns1:status>DRAFT</ns1:status><ns1:delIndex>1</ns1:delIndex><ns1:processId>58465576153ec610140e189057815868</ns1:processId></ns1:cases><ns1:cases><ns1:guid>87216186553ec71137de240051602492</ns1:guid><ns1:name>459</ns1:name><ns1:status>DRAFT</ns1:status><ns1:delIndex>1</ns1:delIndex><ns1:processId>414916992534a042b641cd4036241731</ns1:processId></ns1:cases><ns1:cases><ns1:guid>71249389653ec70cf188541047803598</ns1:guid><ns1:name>458</ns1:name><ns1:status>DRAFT</ns1:status><ns1:delIndex>1</ns1:delIndex><ns1:processId>58465576153ec610140e189057815868</ns1:processId></ns1:cases><ns1:cases><ns1:guid>47085571253ec6f13ce8b42008693367</ns1:guid><ns1:name>457</ns1:name><ns1:status>DRAFT</ns1:status><ns1:delIndex>1</ns1:delIndex><ns1:processId>58465576153ec610140e189057815868</ns1:processId></ns1:cases><ns1:cases><ns1:guid>25427246053ec65c4e546e6009177956</ns1:guid><ns1:name>456</ns1:name><ns1:status>DRAFT</ns1:status><ns1:delIndex>1</ns1:delIndex><ns1:processId>414916992534a042b641cd4036241731</ns1:processId></ns1:cases><ns1:cases><ns1:guid>37289428753ec6449af0810018786496</ns1:guid><ns1:name>455</ns1:name><ns1:status>DRAFT</ns1:status><ns1:delIndex>1</ns1:delIndex><ns1:processId>414916992534a042b641cd4036241731</ns1:processId></ns1:cases><ns1:cases><ns1:guid>83175659153daf9dff39e25052148929</ns1:guid><ns1:name>453</ns1:name><ns1:status>DRAFT</ns1:status><ns1:delIndex>1</ns1:delIndex><ns1:processId>246063232533ce387c45b79093418810</ns1:processId></ns1:cases><ns1:cases><ns1:guid>411041259536c4cfcdfd2e6045866138</ns1:guid><ns1:name>452</ns1:name><ns1:status>DRAFT</ns1:status><ns1:delIndex>1</ns1:delIndex><ns1:processId>246063232533ce387c45b79093418810</ns1:processId></ns1:cases><ns1:cases><ns1:guid>339202880536c4cfc1adb26053920440</ns1:guid><ns1:name>451</ns1:name><ns1:status>DRAFT</ns1:status><ns1:delIndex>1</ns1:delIndex><ns1:processId>246063232533ce387c45b79093418810</ns1:processId></ns1:cases><ns1:cases><ns1:guid>250152587536c3c3d315d21003878737</ns1:guid><ns1:name>449</ns1:name><ns1:status>DRAFT</ns1:status><ns1:delIndex>1</ns1:delIndex><ns1:processId>246063232533ce387c45b79093418810</ns1:processId></ns1:cases><ns1:cases><ns1:guid>571197509536b1a50584886062499669</ns1:guid><ns1:name>447</ns1:name><ns1:status>TO_DO</ns1:status><ns1:delIndex>2</ns1:delIndex><ns1:processId>246063232533ce387c45b79093418810</ns1:processId></ns1:cases><ns1:cases><ns1:guid>715209960536afaab5db080095525484</ns1:guid><ns1:name>439</ns1:name><ns1:status>TO_DO</ns1:status><ns1:delIndex>2</ns1:delIndex><ns1:processId>246063232533ce387c45b79093418810</ns1:processId></ns1:cases><ns1:cases><ns1:guid>840393066536af8c4cf66e1078374219</ns1:guid><ns1:name>438</ns1:name><ns1:status>TO_DO</ns1:status><ns1:delIndex>2</ns1:delIndex><ns1:processId>246063232533ce387c45b79093418810</ns1:processId></ns1:cases><ns1:cases><ns1:guid>993164062536abb1405d9a3067479594</ns1:guid><ns1:name>418</ns1:name><ns1:status>TO_DO</ns1:status><ns1:delIndex>2</ns1:delIndex><ns1:processId>246063232533ce387c45b79093418810</ns1:processId></ns1:cases><ns1:cases><ns1:guid>917388916536aabcac60754099962490</ns1:guid><ns1:name>417</ns1:name><ns1:status>TO_DO</ns1:status><ns1:delIndex>2</ns1:delIndex><ns1:processId>246063232533ce387c45b79093418810</ns1:processId></ns1:cases><ns1:cases><ns1:guid>7319946285369ed602ec007017900344</ns1:guid><ns1:name>416</ns1:name><ns1:status>TO_DO</ns1:status><ns1:delIndex>2</ns1:delIndex><ns1:processId>246063232533ce387c45b79093418810</ns1:processId></ns1:cases><ns1:cases><ns1:guid>7562866215369eac53514e8002317211</ns1:guid><ns1:name>415</ns1:name><ns1:status>TO_DO</ns1:status><ns1:delIndex>2</ns1:delIndex><ns1:processId>246063232533ce387c45b79093418810</ns1:processId></ns1:cases><ns1:cases><ns1:guid>5453186035369eac3aa6472012644082</ns1:guid><ns1:name>414</ns1:name><ns1:status>TO_DO</ns1:status><ns1:delIndex>2</ns1:delIndex><ns1:processId>246063232533ce387c45b79093418810</ns1:processId></ns1:cases><ns1:cases><ns1:guid>32876586953698293945af1015983295</ns1:guid><ns1:name>410</ns1:name><ns1:status>TO_DO</ns1:status><ns1:delIndex>2</ns1:delIndex><ns1:processId>246063232533ce387c45b79093418810</ns1:processId></ns1:cases><ns1:cases><ns1:guid>399932861534a2c84ab1a14085210711</ns1:guid><ns1:name>409</ns1:name><ns1:status>DRAFT</ns1:status><ns1:delIndex>1</ns1:delIndex><ns1:processId>414916992534a042b641cd4036241731</ns1:processId></ns1:cases><ns1:cases><ns1:guid>490081787534a2bf6b2f0c9045554245</ns1:guid><ns1:name>408</ns1:name><ns1:status>DRAFT</ns1:status><ns1:delIndex>1</ns1:delIndex><ns1:processId>414916992534a042b641cd4036241731</ns1:processId></ns1:cases><ns1:cases><ns1:guid>878234863534a292262e7a0008671108</ns1:guid><ns1:name>407</ns1:name><ns1:status>DRAFT</ns1:status><ns1:delIndex>1</ns1:delIndex><ns1:processId>414916992534a042b641cd4036241731</ns1:processId></ns1:cases><ns1:cases><ns1:guid>809753417534a2570542396060117313</ns1:guid><ns1:name>404</ns1:name><ns1:status>DRAFT</ns1:status><ns1:delIndex>1</ns1:delIndex><ns1:processId>414916992534a042b641cd4036241731</ns1:processId></ns1:cases><ns1:cases><ns1:guid>197082519534a2205249333050903579</ns1:guid><ns1:name>402</ns1:name><ns1:status>DRAFT</ns1:status><ns1:delIndex>1</ns1:delIndex><ns1:processId>414916992534a042b641cd4036241731</ns1:processId></ns1:cases><ns1:cases><ns1:guid>611236572534a20ae9d8d49090743613</ns1:guid><ns1:name>401</ns1:name><ns1:status>DRAFT</ns1:status><ns1:delIndex>1</ns1:delIndex><ns1:processId>414916992534a042b641cd4036241731</ns1:processId></ns1:cases><ns1:cases><ns1:guid>138244628534a1f8b5590b8013828017</ns1:guid><ns1:name>400</ns1:name><ns1:status>DRAFT</ns1:status><ns1:delIndex>1</ns1:delIndex><ns1:processId>414916992534a042b641cd4036241731</ns1:processId></ns1:cases><ns1:cases><ns1:guid>814270019534a1e158ef586062194181</ns1:guid><ns1:name>399</ns1:name><ns1:status>DRAFT</ns1:status><ns1:delIndex>1</ns1:delIndex><ns1:processId>414916992534a042b641cd4036241731</ns1:processId></ns1:cases><ns1:cases><ns1:guid>726898193534a1d845c8847020087160</ns1:guid><ns1:name>398</ns1:name><ns1:status>DRAFT</ns1:status><ns1:delIndex>1</ns1:delIndex><ns1:processId>414916992534a042b641cd4036241731</ns1:processId></ns1:cases><ns1:cases><ns1:guid>200469970534a1d44c44814052332375</ns1:guid><ns1:name>397</ns1:name><ns1:status>DRAFT</ns1:status><ns1:delIndex>1</ns1:delIndex><ns1:processId>414916992534a042b641cd4036241731</ns1:processId></ns1:cases><ns1:cases><ns1:guid>807525634534a1aa884cdb2001748358</ns1:guid><ns1:name>396</ns1:name><ns1:status>DRAFT</ns1:status><ns1:delIndex>1</ns1:delIndex><ns1:processId>414916992534a042b641cd4036241731</ns1:processId></ns1:cases><ns1:cases><ns1:guid>379150390534a1a41cbe343009640711</ns1:guid><ns1:name>395</ns1:name><ns1:status>DRAFT</ns1:status><ns1:delIndex>1</ns1:delIndex><ns1:processId>414916992534a042b641cd4036241731</ns1:processId></ns1:cases><ns1:cases><ns1:guid>481445312534a19b6c81492081191761</ns1:guid><ns1:name>394</ns1:name><ns1:status>DRAFT</ns1:status><ns1:delIndex>1</ns1:delIndex><ns1:processId>414916992534a042b641cd4036241731</ns1:processId></ns1:cases><ns1:cases><ns1:guid>463714599534a17fa5b0af8041979344</ns1:guid><ns1:name>393</ns1:name><ns1:status>DRAFT</ns1:status><ns1:delIndex>1</ns1:delIndex><ns1:processId>414916992534a042b641cd4036241731</ns1:processId></ns1:cases><ns1:cases><ns1:guid>383026123534a1683136c89039960857</ns1:guid><ns1:name>392</ns1:name><ns1:status>DRAFT</ns1:status><ns1:delIndex>1</ns1:delIndex><ns1:processId>414916992534a042b641cd4036241731</ns1:processId></ns1:cases><ns1:cases><ns1:guid>554290771534a16082b2fb2029628536</ns1:guid><ns1:name>391</ns1:name><ns1:status>DRAFT</ns1:status><ns1:delIndex>1</ns1:delIndex><ns1:processId>414916992534a042b641cd4036241731</ns1:processId></ns1:cases><ns1:cases><ns1:guid>711578369534a15925a7826093341590</ns1:guid><ns1:name>390</ns1:name><ns1:status>DRAFT</ns1:status><ns1:delIndex>1</ns1:delIndex><ns1:processId>414916992534a042b641cd4036241731</ns1:processId></ns1:cases><ns1:cases><ns1:guid>639343261534a14cc4d98d5013471835</ns1:guid><ns1:name>389</ns1:name><ns1:status>DRAFT</ns1:status><ns1:delIndex>1</ns1:delIndex><ns1:processId>414916992534a042b641cd4036241731</ns1:processId></ns1:cases><ns1:cases><ns1:guid>611694335534a13e1443aa3009189988</ns1:guid><ns1:name>388</ns1:name><ns1:status>DRAFT</ns1:status><ns1:delIndex>1</ns1:delIndex><ns1:processId>414916992534a042b641cd4036241731</ns1:processId></ns1:cases><ns1:cases><ns1:guid>870483398534a134484bd53002829605</ns1:guid><ns1:name>387</ns1:name><ns1:status>DRAFT</ns1:status><ns1:delIndex>1</ns1:delIndex><ns1:processId>414916992534a042b641cd4036241731</ns1:processId></ns1:cases><ns1:cases><ns1:guid>527130126534a0e07b247d7057515513</ns1:guid><ns1:name>384</ns1:name><ns1:status>DRAFT</ns1:status><ns1:delIndex>1</ns1:delIndex><ns1:processId>414916992534a042b641cd4036241731</ns1:processId></ns1:cases><ns1:cases><ns1:guid>78088378953484dae5240a2085289612</ns1:guid><ns1:name>379</ns1:name><ns1:status>TO_DO</ns1:status><ns1:delIndex>2</ns1:delIndex><ns1:processId>246063232533ce387c45b79093418810</ns1:processId></ns1:cases><ns1:cases><ns1:guid>194793701534849d59a5022034418329</ns1:guid><ns1:name>378</ns1:name><ns1:status>DRAFT</ns1:status><ns1:delIndex>1</ns1:delIndex><ns1:processId>45690917952d439ce8eb2c9075840898</ns1:processId></ns1:cases><ns1:cases><ns1:guid>7810974125345eb6d4ac7f9078307718</ns1:guid><ns1:name>377</ns1:name><ns1:status>DRAFT</ns1:status><ns1:delIndex>1</ns1:delIndex><ns1:processId>246063232533ce387c45b79093418810</ns1:processId></ns1:cases><ns1:cases><ns1:guid>3397827145345eb54c815d5020549849</ns1:guid><ns1:name>376</ns1:name><ns1:status>DRAFT</ns1:status><ns1:delIndex>1</ns1:delIndex><ns1:processId>246063232533ce387c45b79093418810</ns1:processId></ns1:cases><ns1:cases><ns1:guid>985412597534469f76f94e3030776035</ns1:guid><ns1:name>374</ns1:name><ns1:status>TO_DO</ns1:status><ns1:delIndex>2</ns1:delIndex><ns1:processId>246063232533ce387c45b79093418810</ns1:processId></ns1:cases><ns1:cases><ns1:guid>1770324705343b9b9d1ac93010840464</ns1:guid><ns1:name>372</ns1:name><ns1:status>TO_DO</ns1:status><ns1:delIndex>2</ns1:delIndex><ns1:processId>246063232533ce387c45b79093418810</ns1:processId></ns1:cases><ns1:cases><ns1:guid>7626953125343b68b3e22d3090133253</ns1:guid><ns1:name>371</ns1:name><ns1:status>DRAFT</ns1:status><ns1:delIndex>1</ns1:delIndex><ns1:processId>246063232533ce387c45b79093418810</ns1:processId></ns1:cases><ns1:cases><ns1:guid>1239013675343b5e07653e1071809213</ns1:guid><ns1:name>370</ns1:name><ns1:status>DRAFT</ns1:status><ns1:delIndex>1</ns1:delIndex><ns1:processId>246063232533ce387c45b79093418810</ns1:processId></ns1:cases><ns1:cases><ns1:guid>9248657225343b42b4963a7039805899</ns1:guid><ns1:name>369</ns1:name><ns1:status>DRAFT</ns1:status><ns1:delIndex>1</ns1:delIndex><ns1:processId>246063232533ce387c45b79093418810</ns1:processId></ns1:cases><ns1:cases><ns1:guid>6940612795343b1018e2b02090446267</ns1:guid><ns1:name>368</ns1:name><ns1:status>DRAFT</ns1:status><ns1:delIndex>1</ns1:delIndex><ns1:processId>246063232533ce387c45b79093418810</ns1:processId></ns1:cases><ns1:cases><ns1:guid>1140136715343b06d92ab44025970898</ns1:guid><ns1:name>367</ns1:name><ns1:status>DRAFT</ns1:status><ns1:delIndex>1</ns1:delIndex><ns1:processId>246063232533ce387c45b79093418810</ns1:processId></ns1:cases><ns1:cases><ns1:guid>2602233885343ae7ac2db13081017101</ns1:guid><ns1:name>366</ns1:name><ns1:status>DRAFT</ns1:status><ns1:delIndex>1</ns1:delIndex><ns1:processId>246063232533ce387c45b79093418810</ns1:processId></ns1:cases><ns1:cases><ns1:guid>9857482915343ad61807802065716919</ns1:guid><ns1:name>365</ns1:name><ns1:status>DRAFT</ns1:status><ns1:delIndex>1</ns1:delIndex><ns1:processId>246063232533ce387c45b79093418810</ns1:processId></ns1:cases><ns1:cases><ns1:guid>7610168455343a94cb42819006320317</ns1:guid><ns1:name>364</ns1:name><ns1:status>DRAFT</ns1:status><ns1:delIndex>1</ns1:delIndex><ns1:processId>246063232533ce387c45b79093418810</ns1:processId></ns1:cases><ns1:cases><ns1:guid>3249206545343a4e0d98133000071739</ns1:guid><ns1:name>363</ns1:name><ns1:status>DRAFT</ns1:status><ns1:delIndex>1</ns1:delIndex><ns1:processId>246063232533ce387c45b79093418810</ns1:processId></ns1:cases><ns1:cases><ns1:guid>1305541995343a27c700391089473575</ns1:guid><ns1:name>362</ns1:name><ns1:status>DRAFT</ns1:status><ns1:delIndex>1</ns1:delIndex><ns1:processId>246063232533ce387c45b79093418810</ns1:processId></ns1:cases><ns1:cases><ns1:guid>1917724605343a127de5d34015617606</ns1:guid><ns1:name>361</ns1:name><ns1:status>DRAFT</ns1:status><ns1:delIndex>1</ns1:delIndex><ns1:processId>246063232533ce387c45b79093418810</ns1:processId></ns1:cases><ns1:cases><ns1:guid>62945556653439d1c43da43071017860</ns1:guid><ns1:name>360</ns1:name><ns1:status>DRAFT</ns1:status><ns1:delIndex>1</ns1:delIndex><ns1:processId>7352660274b5774bf530cd5051420455</ns1:processId></ns1:cases><ns1:cases><ns1:guid>29907226553439be076cf25012214664</ns1:guid><ns1:name>359</ns1:name><ns1:status>DRAFT</ns1:status><ns1:delIndex>1</ns1:delIndex><ns1:processId>7352660274b5774bf530cd5051420455</ns1:processId></ns1:cases><ns1:cases><ns1:guid>56454467753437b067ec810099824152</ns1:guid><ns1:name>358</ns1:name><ns1:status>DRAFT</ns1:status><ns1:delIndex>1</ns1:delIndex><ns1:processId>246063232533ce387c45b79093418810</ns1:processId></ns1:cases><ns1:cases><ns1:guid>390563964534378403d48e8023165607</ns1:guid><ns1:name>357</ns1:name><ns1:status>TO_DO</ns1:status><ns1:delIndex>2</ns1:delIndex><ns1:processId>246063232533ce387c45b79093418810</ns1:processId></ns1:cases><ns1:cases><ns1:guid>714935302534376e5c116d6090459897</ns1:guid><ns1:name>356</ns1:name><ns1:status>DRAFT</ns1:status><ns1:delIndex>1</ns1:delIndex><ns1:processId>246063232533ce387c45b79093418810</ns1:processId></ns1:cases><ns1:cases><ns1:guid>9565124515343760479e3e5041226531</ns1:guid><ns1:name>355</ns1:name><ns1:status>TO_DO</ns1:status><ns1:delIndex>2</ns1:delIndex><ns1:processId>246063232533ce387c45b79093418810</ns1:processId></ns1:cases><ns1:cases><ns1:guid>13641357453437597788ac6021470184</ns1:guid><ns1:name>354</ns1:name><ns1:status>DRAFT</ns1:status><ns1:delIndex>1</ns1:delIndex><ns1:processId>246063232533ce387c45b79093418810</ns1:processId></ns1:cases><ns1:cases><ns1:guid>5326232915343700d6476c7098011032</ns1:guid><ns1:name>353</ns1:name><ns1:status>DRAFT</ns1:status><ns1:delIndex>1</ns1:delIndex><ns1:processId>246063232533ce387c45b79093418810</ns1:processId></ns1:cases><ns1:cases><ns1:guid>725189208533f3b1e71b0a3064244012</ns1:guid><ns1:name>352</ns1:name><ns1:status>TO_DO</ns1:status><ns1:delIndex>2</ns1:delIndex><ns1:processId>246063232533ce387c45b79093418810</ns1:processId></ns1:cases><ns1:cases><ns1:guid>920196533533e366fb9a879074236642</ns1:guid><ns1:name>351</ns1:name><ns1:status>DRAFT</ns1:status><ns1:delIndex>1</ns1:delIndex><ns1:processId>246063232533ce387c45b79093418810</ns1:processId></ns1:cases><ns1:cases><ns1:guid>488586425533e31f7d02c62005865831</ns1:guid><ns1:name>350</ns1:name><ns1:status>TO_DO</ns1:status><ns1:delIndex>2</ns1:delIndex><ns1:processId>246063232533ce387c45b79093418810</ns1:processId></ns1:cases><ns1:cases><ns1:guid>388854980533e305a8cfcb7037047972</ns1:guid><ns1:name>349</ns1:name><ns1:status>TO_DO</ns1:status><ns1:delIndex>2</ns1:delIndex><ns1:processId>246063232533ce387c45b79093418810</ns1:processId></ns1:cases><ns1:cases><ns1:guid>440032958533e1951c411c7064921991</ns1:guid><ns1:name>348</ns1:name><ns1:status>TO_DO</ns1:status><ns1:delIndex>2</ns1:delIndex><ns1:processId>246063232533ce387c45b79093418810</ns1:processId></ns1:cases><ns1:cases><ns1:guid>880889892533d145c82dbf6096002358</ns1:guid><ns1:name>347</ns1:name><ns1:status>TO_DO</ns1:status><ns1:delIndex>2</ns1:delIndex><ns1:processId>246063232533ce387c45b79093418810</ns1:processId></ns1:cases><ns1:cases><ns1:guid>240539550533d109121e786019302859</ns1:guid><ns1:name>345</ns1:name><ns1:status>TO_DO</ns1:status><ns1:delIndex>2</ns1:delIndex><ns1:processId>246063232533ce387c45b79093418810</ns1:processId></ns1:cases><ns1:cases><ns1:guid>263183593533ce7a1d3f825062464892</ns1:guid><ns1:name>344</ns1:name><ns1:status>DRAFT</ns1:status><ns1:delIndex>1</ns1:delIndex><ns1:processId>246063232533ce387c45b79093418810</ns1:processId></ns1:cases><ns1:cases><ns1:guid>843292236533ce6868f2ca8085711898</ns1:guid><ns1:name>343</ns1:name><ns1:status>TO_DO</ns1:status><ns1:delIndex>2</ns1:delIndex><ns1:processId>246063232533ce387c45b79093418810</ns1:processId></ns1:cases><ns1:cases><ns1:guid>670989990533ce654e673d6016506979</ns1:guid><ns1:name>342</ns1:name><ns1:status>DRAFT</ns1:status><ns1:delIndex>1</ns1:delIndex><ns1:processId>246063232533ce387c45b79093418810</ns1:processId></ns1:cases><ns1:cases><ns1:guid>2310791015332e665b0d274088616222</ns1:guid><ns1:name>339</ns1:name><ns1:status>DRAFT</ns1:status><ns1:delIndex>1</ns1:delIndex><ns1:processId>45690917952d439ce8eb2c9075840898</ns1:processId></ns1:cases><ns1:cases><ns1:guid>88836669952fe806fe96727024943786</ns1:guid><ns1:name>329</ns1:name><ns1:status>DRAFT</ns1:status><ns1:delIndex>1</ns1:delIndex><ns1:processId>45690917952d439ce8eb2c9075840898</ns1:processId></ns1:cases><ns1:cases><ns1:guid>59960937552ebe2546a4c62094498077</ns1:guid><ns1:name>327</ns1:name><ns1:status>DRAFT</ns1:status><ns1:delIndex>1</ns1:delIndex><ns1:processId>45690917952d439ce8eb2c9075840898</ns1:processId></ns1:cases><ns1:cases><ns1:guid>90905761752ebdde213ca43095563119</ns1:guid><ns1:name>326</ns1:name><ns1:status>DRAFT</ns1:status><ns1:delIndex>1</ns1:delIndex><ns1:processId>45690917952d439ce8eb2c9075840898</ns1:processId></ns1:cases><ns1:cases><ns1:guid>75115966752ead5c141a5a9077070530</ns1:guid><ns1:name>325</ns1:name><ns1:status>DRAFT</ns1:status><ns1:delIndex>1</ns1:delIndex><ns1:processId>45690917952d439ce8eb2c9075840898</ns1:processId></ns1:cases><ns1:cases><ns1:guid>39511108352e9772a3e1605084745210</ns1:guid><ns1:name>321</ns1:name><ns1:status>DRAFT</ns1:status><ns1:delIndex>1</ns1:delIndex><ns1:processId>45690917952d439ce8eb2c9075840898</ns1:processId></ns1:cases><ns1:cases><ns1:guid>74050903352e975a8ee7959087081807</ns1:guid><ns1:name>320</ns1:name><ns1:status>DRAFT</ns1:status><ns1:delIndex>1</ns1:delIndex><ns1:processId>45690917952d439ce8eb2c9075840898</ns1:processId></ns1:cases><ns1:cases><ns1:guid>68820190452e974dbbdcaa8051194173</ns1:guid><ns1:name>319</ns1:name><ns1:status>DRAFT</ns1:status><ns1:delIndex>1</ns1:delIndex><ns1:processId>45690917952d439ce8eb2c9075840898</ns1:processId></ns1:cases><ns1:cases><ns1:guid>15026855452e96196b16b49089227274</ns1:guid><ns1:name>318</ns1:name><ns1:status>DRAFT</ns1:status><ns1:delIndex>1</ns1:delIndex><ns1:processId>45690917952d439ce8eb2c9075840898</ns1:processId></ns1:cases><ns1:cases><ns1:guid>90542602552e9286ba76df5037701922</ns1:guid><ns1:name>312</ns1:name><ns1:status>DRAFT</ns1:status><ns1:delIndex>1</ns1:delIndex><ns1:processId>45690917952d439ce8eb2c9075840898</ns1:processId></ns1:cases><ns1:cases><ns1:guid>42105102552e89dd3c09f06098137205</ns1:guid><ns1:name>311</ns1:name><ns1:status>DRAFT</ns1:status><ns1:delIndex>1</ns1:delIndex><ns1:processId>45690917952d439ce8eb2c9075840898</ns1:processId></ns1:cases><ns1:cases><ns1:guid>33880615252e6cd949a90f8080946084</ns1:guid><ns1:name>286</ns1:name><ns1:status>TO_DO</ns1:status><ns1:delIndex>4</ns1:delIndex><ns1:processId>85226440452e4119a788324040692533</ns1:processId></ns1:cases><ns1:cases><ns1:guid>17938232452e6a9c0b052c3017846287</ns1:guid><ns1:name>284</ns1:name><ns1:status>TO_DO</ns1:status><ns1:delIndex>2</ns1:delIndex><ns1:processId>85226440452e4119a788324040692533</ns1:processId></ns1:cases><ns1:cases><ns1:guid>27670288052e6a8d9904965082294850</ns1:guid><ns1:name>283</ns1:name><ns1:status>TO_DO</ns1:status><ns1:delIndex>2</ns1:delIndex><ns1:processId>85226440452e4119a788324040692533</ns1:processId></ns1:cases><ns1:cases><ns1:guid>97253417952e6a8331fbda4021478947</ns1:guid><ns1:name>282</ns1:name><ns1:status>TO_DO</ns1:status><ns1:delIndex>2</ns1:delIndex><ns1:processId>85226440452e4119a788324040692533</ns1:processId></ns1:cases><ns1:cases><ns1:guid>35931396452e6a6be751220041689243</ns1:guid><ns1:name>281</ns1:name><ns1:status>TO_DO</ns1:status><ns1:delIndex>2</ns1:delIndex><ns1:processId>85226440452e4119a788324040692533</ns1:processId></ns1:cases><ns1:cases><ns1:guid>32763671852e6a53db7a192069832539</ns1:guid><ns1:name>280</ns1:name><ns1:status>TO_DO</ns1:status><ns1:delIndex>2</ns1:delIndex><ns1:processId>85226440452e4119a788324040692533</ns1:processId></ns1:cases><ns1:cases><ns1:guid>81860351552e6a27f1945f8074157661</ns1:guid><ns1:name>279</ns1:name><ns1:status>TO_DO</ns1:status><ns1:delIndex>2</ns1:delIndex><ns1:processId>85226440452e4119a788324040692533</ns1:processId></ns1:cases><ns1:cases><ns1:guid>31643676752e69faf6325f0092867251</ns1:guid><ns1:name>278</ns1:name><ns1:status>TO_DO</ns1:status><ns1:delIndex>2</ns1:delIndex><ns1:processId>85226440452e4119a788324040692533</ns1:processId></ns1:cases><ns1:cases><ns1:guid>68084716752e69c9e58cb08017555046</ns1:guid><ns1:name>277</ns1:name><ns1:status>TO_DO</ns1:status><ns1:delIndex>3</ns1:delIndex><ns1:processId>85226440452e4119a788324040692533</ns1:processId></ns1:cases><ns1:cases><ns1:guid>52371215852e461ff2e2d50012169344</ns1:guid><ns1:name>275</ns1:name><ns1:status>TO_DO</ns1:status><ns1:delIndex>3</ns1:delIndex><ns1:processId>85226440452e4119a788324040692533</ns1:processId></ns1:cases><ns1:cases><ns1:guid>93475341752e46044cd8d61070534702</ns1:guid><ns1:name>274</ns1:name><ns1:status>TO_DO</ns1:status><ns1:delIndex>3</ns1:delIndex><ns1:processId>85226440452e4119a788324040692533</ns1:processId></ns1:cases><ns1:cases><ns1:guid>67407226552e42b6f6ac895020787403</ns1:guid><ns1:name>272</ns1:name><ns1:status>TO_DO</ns1:status><ns1:delIndex>4</ns1:delIndex><ns1:processId>85226440452e4119a788324040692533</ns1:processId></ns1:cases><ns1:cases><ns1:guid>6652526855282ab62393df6040856697</ns1:guid><ns1:name>74</ns1:name><ns1:status>TO_DO</ns1:status><ns1:delIndex>2</ns1:delIndex><ns1:processId>658386230527bfec5cc5538089079452</ns1:processId></ns1:cases><ns1:cases><ns1:guid>97265625052826772375507013949408</ns1:guid><ns1:name>73</ns1:name><ns1:status>TO_DO</ns1:status><ns1:delIndex>2</ns1:delIndex><ns1:processId>658386230527bfec5cc5538089079452</ns1:processId></ns1:cases><ns1:cases><ns1:guid>81845092752808dfb87a634078415673</ns1:guid><ns1:name>52</ns1:name><ns1:status>TO_DO</ns1:status><ns1:delIndex>2</ns1:delIndex><ns1:processId>658386230527bfec5cc5538089079452</ns1:processId></ns1:cases><ns1:cases><ns1:guid>793182373524c833074b689071880674</ns1:guid><ns1:name>33</ns1:name><ns1:status>TO_DO</ns1:status><ns1:delIndex>2</ns1:delIndex><ns1:processId>2747079064995ff7ab82369080226467</ns1:processId></ns1:cases><ns1:cases><ns1:guid>4413757325249b141056231030291399</ns1:guid><ns1:name>32</ns1:name><ns1:status>TO_DO</ns1:status><ns1:delIndex>3</ns1:delIndex><ns1:processId>1248587114a5bb7ca0b7070051066835</ns1:processId></ns1:cases><ns1:cases><ns1:guid>387542724522f703e98b216095128145</ns1:guid><ns1:name>21</ns1:name><ns1:status>TO_DO</ns1:status><ns1:delIndex>2</ns1:delIndex><ns1:processId>9307187034d63bc32b49551073600955</ns1:processId></ns1:cases></ns1:caseListResponse></SOAP-ENV:Body></SOAP-ENV:Envelope>