<?xml version="1.0" encoding="utf-8"?>
<workflow>
    <identifier>
        <Object>DEM_ORG_SEC_EMP</Object>
        <Event>Add</Event>
        <Workflow>Add New Employee</Workflow>
        <Case_Number>108</Case_Number>
        <Workflow_User>patrickf</Workflow_User>
        <DateTime>2013-11-14 23:50:54</DateTime>
    </identifier>
    <BEMS>
        <BEMS_Name>ADDEMPLOYEE</BEMS_Name>
        <BEMS_Queue>PERSONEL</BEMS_Queue>
    </BEMS>
    <data>
        <Employee>
            <Number>A8551</Number>
            <Surname>Barit</Surname>
            <GivenName>Vergel</GivenName>
            <Address1>Add</Address1>
            <Address2>Add</Address2>
            <PostCode>3333</PostCode>
            <PhoneHome>780</PhoneHome>
            <PhoneBusiness>790</PhoneBusiness>
            <StartDate>2014-01-01</StartDate>
            <TermDate>00000000</TermDate>
            <Department>ADM</Department>
            <Section>01</Section>
            <Salary>20,300.00</Salary>
        </Employee>
    </data>
</workflow>