<?xml version="1.0" encoding="utf-8"?><SOAP-ENV:Envelope xmlns:SOAP-ENV="http://schemas.xmlsoap.org/soap/envelope/" xmlns:ns1="http://www.processmaker.com"><SOAP-ENV:Body><ns1:processListResponse><ns1:processes><ns1:guid>12333666648e13deae35c18077265338</ns1:guid><ns1:name>JS Examples</ns1:name></ns1:processes><ns1:processes><ns1:guid>1248587114a5bb7ca0b7070051066835</ns1:guid><ns1:name>Purchase Request Demonstration</ns1:name></ns1:processes><ns1:processes><ns1:guid>24569702152e2be23363c31097202841</ns1:guid><ns1:name>Grants workflow</ns1:name></ns1:processes><ns1:processes><ns1:guid>246063232533ce387c45b79093418810</ns1:guid><ns1:name>Terminate PSLMST Employee</ns1:name></ns1:processes><ns1:processes><ns1:guid>27328491252e97c5e033aa1042294309</ns1:guid><ns1:name>ODC Hiring Process</ns1:name></ns1:processes><ns1:processes><ns1:guid>2747079064995ff7ab82369080226467</ns1:guid><ns1:name>Leave of Absence Request v_2</ns1:name></ns1:processes><ns1:processes><ns1:guid>30943159849ff50d55aa466063221167</ns1:guid><ns1:name>Dependent Fields</ns1:name></ns1:processes><ns1:processes><ns1:guid>414916992534a042b641cd4036241731</ns1:guid><ns1:name>Consume LANSA web service</ns1:name></ns1:processes><ns1:processes><ns1:guid>4440612795253572dc287e2024175018</ns1:guid><ns1:name>Travel Expense Report demo</ns1:name></ns1:processes><ns1:processes><ns1:guid>453889585522100b0dd0623049714729</ns1:guid><ns1:name>Enroll New Employee</ns1:name></ns1:processes><ns1:processes><ns1:guid>45690917952d439ce8eb2c9075840898</ns1:guid><ns1:name>ERPF AP Invoice Entry and Approval</ns1:name></ns1:processes><ns1:processes><ns1:guid>519744873533c95661748c8074345108</ns1:guid><ns1:name>Cassie Demo  ERPF AP Invoice Entry and Approval - Apr 02, 17:55</ns1:name></ns1:processes><ns1:processes><ns1:guid>58432006852d7670821c868023076066</ns1:guid><ns1:name>SQL Server Drop down</ns1:name></ns1:processes><ns1:processes><ns1:guid>658386230527bfec5cc5538089079452</ns1:guid><ns1:name>Add New Employee</ns1:name></ns1:processes><ns1:processes><ns1:guid>7352660274b5774bf530cd5051420455</ns1:guid><ns1:name>Purchase Request v_2</ns1:name></ns1:processes><ns1:processes><ns1:guid>78625107048e10327f1cbc7034276910</ns1:guid><ns1:name>Web Services</ns1:name></ns1:processes><ns1:processes><ns1:guid>85226440452e4119a788324040692533</ns1:guid><ns1:name>New Product Package</ns1:name></ns1:processes><ns1:processes><ns1:guid>9307187034d63bc32b49551073600955</ns1:guid><ns1:name>Expense Report v_2</ns1:name></ns1:processes></ns1:processListResponse></SOAP-ENV:Body></SOAP-ENV:Envelope>