<?xml version="1.0" encoding="UTF-8"?><soapenv:Envelope xmlns:soapenv="http://schemas.xmlsoap.org/soap/envelope/" xmlns:xsd="http://www.w3.org/2001/XMLSchema" xmlns:xsi="http://www.w3.org/2001/XMLSchema-instance"><soapenv:Body><newCaseRequest xmlns="http://www.processmaker.com"><sessionId>78485107453daf9dc794d76044941712</sessionId><processId>246063232533ce387c45b79093418810</processId><taskId>588256835533ce3a2920369013597604</taskId><variables><name>EMPNO</name><value>A1012</value></variables></newCaseRequest></soapenv:Body></soapenv:Envelope>