<?xml version="1.0" encoding="utf-8"?><SOAP-ENV:Envelope xmlns:SOAP-ENV="http://schemas.xmlsoap.org/soap/envelope/" xmlns:ns1="http://www.processmaker.com"><SOAP-ENV:Body><ns1:taskListResponse><ns1:tasks><ns1:guid>1025458674a64784e1dc363058220921</ns1:guid><ns1:name>Approve Request (CFO)</ns1:name><ns1:processId>1248587114a5bb7ca0b7070051066835</ns1:processId><ns1:initialTask>0</ns1:initialTask></ns1:tasks><ns1:tasks><ns1:guid>27203369152e4127b8085f8086602435</ns1:guid><ns1:name>RandD Review</ns1:name><ns1:processId>85226440452e4119a788324040692533</ns1:processId><ns1:initialTask>0</ns1:initialTask></ns1:tasks><ns1:tasks><ns1:guid>37332153352e413886aac24012305791</ns1:guid><ns1:name>CEO Review</ns1:name><ns1:processId>85226440452e4119a788324040692533</ns1:processId><ns1:initialTask>0</ns1:initialTask></ns1:tasks><ns1:tasks><ns1:guid>410980224533ce3dce7fff6055478326</ns1:guid><ns1:name>Admin Details for Termination</ns1:name><ns1:processId>246063232533ce387c45b79093418810</ns1:processId><ns1:initialTask>0</ns1:initialTask></ns1:tasks><ns1:tasks><ns1:guid>4132057634a6478fc978414085249022</ns1:guid><ns1:name>Generate Receipt </ns1:name><ns1:processId>1248587114a5bb7ca0b7070051066835</ns1:processId><ns1:initialTask>0</ns1:initialTask></ns1:tasks><ns1:tasks><ns1:guid>4870248224995ff7abacee3023750064</ns1:guid><ns1:name>Employee reports actual Leave taken</ns1:name><ns1:processId>2747079064995ff7ab82369080226467</ns1:processId><ns1:initialTask>0</ns1:initialTask></ns1:tasks><ns1:tasks><ns1:guid>4894898064b577d28d283c4082598684</ns1:guid><ns1:name>Order Request</ns1:name><ns1:processId>7352660274b5774bf530cd5051420455</ns1:processId><ns1:initialTask>1</ns1:initialTask></ns1:tasks><ns1:tasks><ns1:guid>525024414527bff07a657a3043438737</ns1:guid><ns1:name>Make Hiring Decision</ns1:name><ns1:processId>658386230527bfec5cc5538089079452</ns1:processId><ns1:initialTask>0</ns1:initialTask></ns1:tasks><ns1:tasks><ns1:guid>57833862352e412395f8116020823505</ns1:guid><ns1:name>Enter New Product Information</ns1:name><ns1:processId>85226440452e4119a788324040692533</ns1:processId><ns1:initialTask>1</ns1:initialTask></ns1:tasks><ns1:tasks><ns1:guid>588256835533ce3a2920369013597604</ns1:guid><ns1:name>Get Employee Details</ns1:name><ns1:processId>246063232533ce387c45b79093418810</ns1:processId><ns1:initialTask>1</ns1:initialTask></ns1:tasks><ns1:tasks><ns1:guid>5990743644a5c912954c642061999342</ns1:guid><ns1:name>Initiate Request</ns1:name><ns1:processId>1248587114a5bb7ca0b7070051066835</ns1:processId><ns1:initialTask>1</ns1:initialTask></ns1:tasks><ns1:tasks><ns1:guid>62500000052d59ee89f0e44054779960</ns1:guid><ns1:name>Initiate Invoice</ns1:name><ns1:processId>45690917952d439ce8eb2c9075840898</ns1:processId><ns1:initialTask>1</ns1:initialTask></ns1:tasks><ns1:tasks><ns1:guid>665191650534a044a0f9801006705073</ns1:guid><ns1:name>Consume LANSA Web service</ns1:name><ns1:processId>414916992534a042b641cd4036241731</ns1:processId><ns1:initialTask>1</ns1:initialTask></ns1:tasks><ns1:tasks><ns1:guid>7162279434a00428943bb63055301184</ns1:guid><ns1:name>Selecting country, city and location</ns1:name><ns1:processId>30943159849ff50d55aa466063221167</ns1:processId><ns1:initialTask>1</ns1:initialTask></ns1:tasks><ns1:tasks><ns1:guid>71769727748e103312562a2026020444</ns1:guid><ns1:name>Zip Code Temperature</ns1:name><ns1:processId>78625107048e10327f1cbc7034276910</ns1:processId><ns1:initialTask>1</ns1:initialTask></ns1:tasks><ns1:tasks><ns1:guid>7535541554d63bc32b60be0031010382</ns1:guid><ns1:name>Report Expenses</ns1:name><ns1:processId>9307187034d63bc32b49551073600955</ns1:processId><ns1:initialTask>1</ns1:initialTask></ns1:tasks><ns1:tasks><ns1:guid>7559433074995ff7abb63a7093212468</ns1:guid><ns1:name>Initiate Leave Reques</ns1:name><ns1:processId>2747079064995ff7ab82369080226467</ns1:processId><ns1:initialTask>1</ns1:initialTask></ns1:tasks><ns1:tasks><ns1:guid>78521728552e41353c3ba92043648149</ns1:guid><ns1:name>Marketing Review</ns1:name><ns1:processId>85226440452e4119a788324040692533</ns1:processId><ns1:initialTask>0</ns1:initialTask></ns1:tasks><ns1:tasks><ns1:guid>795043945525357364046d1067612583</ns1:guid><ns1:name>Report Expenses</ns1:name><ns1:processId>4440612795253572dc287e2024175018</ns1:processId><ns1:initialTask>1</ns1:initialTask></ns1:tasks><ns1:tasks><ns1:guid>802490234527bff38e931f9051707357</ns1:guid><ns1:name>Setup Employee in System</ns1:name><ns1:processId>658386230527bfec5cc5538089079452</ns1:processId><ns1:initialTask>0</ns1:initialTask></ns1:tasks><ns1:tasks><ns1:guid>8578908424d63bc32b56826047664076</ns1:guid><ns1:name>Request Cash Advance</ns1:name><ns1:processId>9307187034d63bc32b49551073600955</ns1:processId><ns1:initialTask>1</ns1:initialTask></ns1:tasks><ns1:tasks><ns1:guid>9881179464a6478dcc54505005678442</ns1:guid><ns1:name>Notify of Decision</ns1:name><ns1:processId>1248587114a5bb7ca0b7070051066835</ns1:processId><ns1:initialTask>0</ns1:initialTask></ns1:tasks></ns1:taskListResponse></SOAP-ENV:Body></SOAP-ENV:Envelope>