<?xml version="1.0" encoding="utf-8"?><SOAP-ENV:Envelope xmlns:SOAP-ENV="http://schemas.xmlsoap.org/soap/envelope/" xmlns:ns1="http://www.processmaker.com"><SOAP-ENV:Body><ns1:caseListResponse><ns1:cases><ns1:guid>85400390653daf9e1b02ae6043848962</ns1:guid><ns1:name>454</ns1:name><ns1:status>DRAFT</ns1:status><ns1:delIndex>1</ns1:delIndex><ns1:processId>246063232533ce387c45b79093418810</ns1:processId></ns1:cases><ns1:cases><ns1:guid>83175659153daf9dff39e25052148929</ns1:guid><ns1:name>453</ns1:name><ns1:status>DRAFT</ns1:status><ns1:delIndex>1</ns1:delIndex><ns1:processId>246063232533ce387c45b79093418810</ns1:processId></ns1:cases><ns1:cases><ns1:guid>411041259536c4cfcdfd2e6045866138</ns1:guid><ns1:name>452</ns1:name><ns1:status>DRAFT</ns1:status><ns1:delIndex>1</ns1:delIndex><ns1:processId>246063232533ce387c45b79093418810</ns1:processId></ns1:cases><ns1:cases><ns1:guid>339202880536c4cfc1adb26053920440</ns1:guid><ns1:name>451</ns1:name><ns1:status>DRAFT</ns1:status><ns1:delIndex>1</ns1:delIndex><ns1:processId>246063232533ce387c45b79093418810</ns1:processId></ns1:cases><ns1:cases><ns1:guid>250152587536c3c3d315d21003878737</ns1:guid><ns1:name>449</ns1:name><ns1:status>DRAFT</ns1:status><ns1:delIndex>1</ns1:delIndex><ns1:processId>246063232533ce387c45b79093418810</ns1:processId></ns1:cases><ns1:cases><ns1:guid>334899902536b1a512935d8008929102</ns1:guid><ns1:name>448</ns1:name><ns1:status>TO_DO</ns1:status><ns1:delIndex>2</ns1:delIndex><ns1:processId>246063232533ce387c45b79093418810</ns1:processId></ns1:cases><ns1:cases><ns1:guid>571197509536b1a50584886062499669</ns1:guid><ns1:name>447</ns1:name><ns1:status>TO_DO</ns1:status><ns1:delIndex>2</ns1:delIndex><ns1:processId>246063232533ce387c45b79093418810</ns1:processId></ns1:cases><ns1:cases><ns1:guid>557159423536afaac592053029635565</ns1:guid><ns1:name>440</ns1:name><ns1:status>TO_DO</ns1:status><ns1:delIndex>2</ns1:delIndex><ns1:processId>246063232533ce387c45b79093418810</ns1:processId></ns1:cases><ns1:cases><ns1:guid>715209960536afaab5db080095525484</ns1:guid><ns1:name>439</ns1:name><ns1:status>TO_DO</ns1:status><ns1:delIndex>2</ns1:delIndex><ns1:processId>246063232533ce387c45b79093418810</ns1:processId></ns1:cases><ns1:cases><ns1:guid>840393066536af8c4cf66e1078374219</ns1:guid><ns1:name>438</ns1:name><ns1:status>TO_DO</ns1:status><ns1:delIndex>2</ns1:delIndex><ns1:processId>246063232533ce387c45b79093418810</ns1:processId></ns1:cases><ns1:cases><ns1:guid>993164062536abb1405d9a3067479594</ns1:guid><ns1:name>418</ns1:name><ns1:status>TO_DO</ns1:status><ns1:delIndex>2</ns1:delIndex><ns1:processId>246063232533ce387c45b79093418810</ns1:processId></ns1:cases><ns1:cases><ns1:guid>917388916536aabcac60754099962490</ns1:guid><ns1:name>417</ns1:name><ns1:status>TO_DO</ns1:status><ns1:delIndex>2</ns1:delIndex><ns1:processId>246063232533ce387c45b79093418810</ns1:processId></ns1:cases><ns1:cases><ns1:guid>7319946285369ed602ec007017900344</ns1:guid><ns1:name>416</ns1:name><ns1:status>TO_DO</ns1:status><ns1:delIndex>2</ns1:delIndex><ns1:processId>246063232533ce387c45b79093418810</ns1:processId></ns1:cases><ns1:cases><ns1:guid>7562866215369eac53514e8002317211</ns1:guid><ns1:name>415</ns1:name><ns1:status>TO_DO</ns1:status><ns1:delIndex>2</ns1:delIndex><ns1:processId>246063232533ce387c45b79093418810</ns1:processId></ns1:cases><ns1:cases><ns1:guid>5453186035369eac3aa6472012644082</ns1:guid><ns1:name>414</ns1:name><ns1:status>TO_DO</ns1:status><ns1:delIndex>2</ns1:delIndex><ns1:processId>246063232533ce387c45b79093418810</ns1:processId></ns1:cases><ns1:cases><ns1:guid>32876586953698293945af1015983295</ns1:guid><ns1:name>410</ns1:name><ns1:status>TO_DO</ns1:status><ns1:delIndex>2</ns1:delIndex><ns1:processId>246063232533ce387c45b79093418810</ns1:processId></ns1:cases><ns1:cases><ns1:guid>399932861534a2c84ab1a14085210711</ns1:guid><ns1:name>409</ns1:name><ns1:status>DRAFT</ns1:status><ns1:delIndex>1</ns1:delIndex><ns1:processId>414916992534a042b641cd4036241731</ns1:processId></ns1:cases><ns1:cases><ns1:guid>490081787534a2bf6b2f0c9045554245</ns1:guid><ns1:name>408</ns1:name><ns1:status>DRAFT</ns1:status><ns1:delIndex>1</ns1:delIndex><ns1:processId>414916992534a042b641cd4036241731</ns1:processId></ns1:cases><ns1:cases><ns1:guid>878234863534a292262e7a0008671108</ns1:guid><ns1:name>407</ns1:name><ns1:status>DRAFT</ns1:status><ns1:delIndex>1</ns1:delIndex><ns1:processId>414916992534a042b641cd4036241731</ns1:processId></ns1:cases><ns1:cases><ns1:guid>809753417534a2570542396060117313</ns1:guid><ns1:name>404</ns1:name><ns1:status>DRAFT</ns1:status><ns1:delIndex>1</ns1:delIndex><ns1:processId>414916992534a042b641cd4036241731</ns1:processId></ns1:cases><ns1:cases><ns1:guid>197082519534a2205249333050903579</ns1:guid><ns1:name>402</ns1:name><ns1:status>DRAFT</ns1:status><ns1:delIndex>1</ns1:delIndex><ns1:processId>414916992534a042b641cd4036241731</ns1:processId></ns1:cases><ns1:cases><ns1:guid>611236572534a20ae9d8d49090743613</ns1:guid><ns1:name>401</ns1:name><ns1:status>DRAFT</ns1:status><ns1:delIndex>1</ns1:delIndex><ns1:processId>414916992534a042b641cd4036241731</ns1:processId></ns1:cases><ns1:cases><ns1:guid>138244628534a1f8b5590b8013828017</ns1:guid><ns1:name>400</ns1:name><ns1:status>DRAFT</ns1:status><ns1:delIndex>1</ns1:delIndex><ns1:processId>414916992534a042b641cd4036241731</ns1:processId></ns1:cases><ns1:cases><ns1:guid>814270019534a1e158ef586062194181</ns1:guid><ns1:name>399</ns1:name><ns1:status>DRAFT</ns1:status><ns1:delIndex>1</ns1:delIndex><ns1:processId>414916992534a042b641cd4036241731</ns1:processId></ns1:cases><ns1:cases><ns1:guid>726898193534a1d845c8847020087160</ns1:guid><ns1:name>398</ns1:name><ns1:status>DRAFT</ns1:status><ns1:delIndex>1</ns1:delIndex><ns1:processId>414916992534a042b641cd4036241731</ns1:processId></ns1:cases><ns1:cases><ns1:guid>200469970534a1d44c44814052332375</ns1:guid><ns1:name>397</ns1:name><ns1:status>DRAFT</ns1:status><ns1:delIndex>1</ns1:delIndex><ns1:processId>414916992534a042b641cd4036241731</ns1:processId></ns1:cases><ns1:cases><ns1:guid>807525634534a1aa884cdb2001748358</ns1:guid><ns1:name>396</ns1:name><ns1:status>DRAFT</ns1:status><ns1:delIndex>1</ns1:delIndex><ns1:processId>414916992534a042b641cd4036241731</ns1:processId></ns1:cases><ns1:cases><ns1:guid>379150390534a1a41cbe343009640711</ns1:guid><ns1:name>395</ns1:name><ns1:status>DRAFT</ns1:status><ns1:delIndex>1</ns1:delIndex><ns1:processId>414916992534a042b641cd4036241731</ns1:processId></ns1:cases><ns1:cases><ns1:guid>481445312534a19b6c81492081191761</ns1:guid><ns1:name>394</ns1:name><ns1:status>DRAFT</ns1:status><ns1:delIndex>1</ns1:delIndex><ns1:processId>414916992534a042b641cd4036241731</ns1:processId></ns1:cases><ns1:cases><ns1:guid>463714599534a17fa5b0af8041979344</ns1:guid><ns1:name>393</ns1:name><ns1:status>DRAFT</ns1:status><ns1:delIndex>1</ns1:delIndex><ns1:processId>414916992534a042b641cd4036241731</ns1:processId></ns1:cases><ns1:cases><ns1:guid>383026123534a1683136c89039960857</ns1:guid><ns1:name>392</ns1:name><ns1:status>DRAFT</ns1:status><ns1:delIndex>1</ns1:delIndex><ns1:processId>414916992534a042b641cd4036241731</ns1:processId></ns1:cases><ns1:cases><ns1:guid>554290771534a16082b2fb2029628536</ns1:guid><ns1:name>391</ns1:name><ns1:status>DRAFT</ns1:status><ns1:delIndex>1</ns1:delIndex><ns1:processId>414916992534a042b641cd4036241731</ns1:processId></ns1:cases><ns1:cases><ns1:guid>711578369534a15925a7826093341590</ns1:guid><ns1:name>390</ns1:name><ns1:status>DRAFT</ns1:status><ns1:delIndex>1</ns1:delIndex><ns1:processId>414916992534a042b641cd4036241731</ns1:processId></ns1:cases><ns1:cases><ns1:guid>639343261534a14cc4d98d5013471835</ns1:guid><ns1:name>389</ns1:name><ns1:status>DRAFT</ns1:status><ns1:delIndex>1</ns1:delIndex><ns1:processId>414916992534a042b641cd4036241731</ns1:processId></ns1:cases><ns1:cases><ns1:guid>611694335534a13e1443aa3009189988</ns1:guid><ns1:name>388</ns1:name><ns1:status>DRAFT</ns1:status><ns1:delIndex>1</ns1:delIndex><ns1:processId>414916992534a042b641cd4036241731</ns1:processId></ns1:cases><ns1:cases><ns1:guid>870483398534a134484bd53002829605</ns1:guid><ns1:name>387</ns1:name><ns1:status>DRAFT</ns1:status><ns1:delIndex>1</ns1:delIndex><ns1:processId>414916992534a042b641cd4036241731</ns1:processId></ns1:cases><ns1:cases><ns1:guid>527130126534a0e07b247d7057515513</ns1:guid><ns1:name>384</ns1:name><ns1:status>DRAFT</ns1:status><ns1:delIndex>1</ns1:delIndex><ns1:processId>414916992534a042b641cd4036241731</ns1:processId></ns1:cases><ns1:cases><ns1:guid>78088378953484dae5240a2085289612</ns1:guid><ns1:name>379</ns1:name><ns1:status>TO_DO</ns1:status><ns1:delIndex>2</ns1:delIndex><ns1:processId>246063232533ce387c45b79093418810</ns1:processId></ns1:cases><ns1:cases><ns1:guid>194793701534849d59a5022034418329</ns1:guid><ns1:name>378</ns1:name><ns1:status>DRAFT</ns1:status><ns1:delIndex>1</ns1:delIndex><ns1:processId>45690917952d439ce8eb2c9075840898</ns1:processId></ns1:cases><ns1:cases><ns1:guid>7810974125345eb6d4ac7f9078307718</ns1:guid><ns1:name>377</ns1:name><ns1:status>DRAFT</ns1:status><ns1:delIndex>1</ns1:delIndex><ns1:processId>246063232533ce387c45b79093418810</ns1:processId></ns1:cases><ns1:cases><ns1:guid>3397827145345eb54c815d5020549849</ns1:guid><ns1:name>376</ns1:name><ns1:status>DRAFT</ns1:status><ns1:delIndex>1</ns1:delIndex><ns1:processId>246063232533ce387c45b79093418810</ns1:processId></ns1:cases><ns1:cases><ns1:guid>985412597534469f76f94e3030776035</ns1:guid><ns1:name>374</ns1:name><ns1:status>TO_DO</ns1:status><ns1:delIndex>2</ns1:delIndex><ns1:processId>246063232533ce387c45b79093418810</ns1:processId></ns1:cases><ns1:cases><ns1:guid>1770324705343b9b9d1ac93010840464</ns1:guid><ns1:name>372</ns1:name><ns1:status>TO_DO</ns1:status><ns1:delIndex>2</ns1:delIndex><ns1:processId>246063232533ce387c45b79093418810</ns1:processId></ns1:cases><ns1:cases><ns1:guid>7626953125343b68b3e22d3090133253</ns1:guid><ns1:name>371</ns1:name><ns1:status>DRAFT</ns1:status><ns1:delIndex>1</ns1:delIndex><ns1:processId>246063232533ce387c45b79093418810</ns1:processId></ns1:cases><ns1:cases><ns1:guid>1239013675343b5e07653e1071809213</ns1:guid><ns1:name>370</ns1:name><ns1:status>DRAFT</ns1:status><ns1:delIndex>1</ns1:delIndex><ns1:processId>246063232533ce387c45b79093418810</ns1:processId></ns1:cases><ns1:cases><ns1:guid>9248657225343b42b4963a7039805899</ns1:guid><ns1:name>369</ns1:name><ns1:status>DRAFT</ns1:status><ns1:delIndex>1</ns1:delIndex><ns1:processId>246063232533ce387c45b79093418810</ns1:processId></ns1:cases><ns1:cases><ns1:guid>6940612795343b1018e2b02090446267</ns1:guid><ns1:name>368</ns1:name><ns1:status>DRAFT</ns1:status><ns1:delIndex>1</ns1:delIndex><ns1:processId>246063232533ce387c45b79093418810</ns1:processId></ns1:cases><ns1:cases><ns1:guid>1140136715343b06d92ab44025970898</ns1:guid><ns1:name>367</ns1:name><ns1:status>DRAFT</ns1:status><ns1:delIndex>1</ns1:delIndex><ns1:processId>246063232533ce387c45b79093418810</ns1:processId></ns1:cases><ns1:cases><ns1:guid>2602233885343ae7ac2db13081017101</ns1:guid><ns1:name>366</ns1:name><ns1:status>DRAFT</ns1:status><ns1:delIndex>1</ns1:delIndex><ns1:processId>246063232533ce387c45b79093418810</ns1:processId></ns1:cases><ns1:cases><ns1:guid>9857482915343ad61807802065716919</ns1:guid><ns1:name>365</ns1:name><ns1:status>DRAFT</ns1:status><ns1:delIndex>1</ns1:delIndex><ns1:processId>246063232533ce387c45b79093418810</ns1:processId></ns1:cases><ns1:cases><ns1:guid>7610168455343a94cb42819006320317</ns1:guid><ns1:name>364</ns1:name><ns1:status>DRAFT</ns1:status><ns1:delIndex>1</ns1:delIndex><ns1:processId>246063232533ce387c45b79093418810</ns1:processId></ns1:cases><ns1:cases><ns1:guid>3249206545343a4e0d98133000071739</ns1:guid><ns1:name>363</ns1:name><ns1:status>DRAFT</ns1:status><ns1:delIndex>1</ns1:delIndex><ns1:processId>246063232533ce387c45b79093418810</ns1:processId></ns1:cases><ns1:cases><ns1:guid>1305541995343a27c700391089473575</ns1:guid><ns1:name>362</ns1:name><ns1:status>DRAFT</ns1:status><ns1:delIndex>1</ns1:delIndex><ns1:processId>246063232533ce387c45b79093418810</ns1:processId></ns1:cases><ns1:cases><ns1:guid>1917724605343a127de5d34015617606</ns1:guid><ns1:name>361</ns1:name><ns1:status>DRAFT</ns1:status><ns1:delIndex>1</ns1:delIndex><ns1:processId>246063232533ce387c45b79093418810</ns1:processId></ns1:cases><ns1:cases><ns1:guid>62945556653439d1c43da43071017860</ns1:guid><ns1:name>360</ns1:name><ns1:status>DRAFT</ns1:status><ns1:delIndex>1</ns1:delIndex><ns1:processId>7352660274b5774bf530cd5051420455</ns1:processId></ns1:cases><ns1:cases><ns1:guid>29907226553439be076cf25012214664</ns1:guid><ns1:name>359</ns1:name><ns1:status>DRAFT</ns1:status><ns1:delIndex>1</ns1:delIndex><ns1:processId>7352660274b5774bf530cd5051420455</ns1:processId></ns1:cases><ns1:cases><ns1:guid>56454467753437b067ec810099824152</ns1:guid><ns1:name>358</ns1:name><ns1:status>DRAFT</ns1:status><ns1:delIndex>1</ns1:delIndex><ns1:processId>246063232533ce387c45b79093418810</ns1:processId></ns1:cases><ns1:cases><ns1:guid>390563964534378403d48e8023165607</ns1:guid><ns1:name>357</ns1:name><ns1:status>TO_DO</ns1:status><ns1:delIndex>2</ns1:delIndex><ns1:processId>246063232533ce387c45b79093418810</ns1:processId></ns1:cases><ns1:cases><ns1:guid>714935302534376e5c116d6090459897</ns1:guid><ns1:name>356</ns1:name><ns1:status>DRAFT</ns1:status><ns1:delIndex>1</ns1:delIndex><ns1:processId>246063232533ce387c45b79093418810</ns1:processId></ns1:cases><ns1:cases><ns1:guid>9565124515343760479e3e5041226531</ns1:guid><ns1:name>355</ns1:name><ns1:status>TO_DO</ns1:status><ns1:delIndex>2</ns1:delIndex><ns1:processId>246063232533ce387c45b79093418810</ns1:processId></ns1:cases><ns1:cases><ns1:guid>13641357453437597788ac6021470184</ns1:guid><ns1:name>354</ns1:name><ns1:status>DRAFT</ns1:status><ns1:delIndex>1</ns1:delIndex><ns1:processId>246063232533ce387c45b79093418810</ns1:processId></ns1:cases><ns1:cases><ns1:guid>5326232915343700d6476c7098011032</ns1:guid><ns1:name>353</ns1:name><ns1:status>DRAFT</ns1:status><ns1:delIndex>1</ns1:delIndex><ns1:processId>246063232533ce387c45b79093418810</ns1:processId></ns1:cases><ns1:cases><ns1:guid>725189208533f3b1e71b0a3064244012</ns1:guid><ns1:name>352</ns1:name><ns1:status>TO_DO</ns1:status><ns1:delIndex>2</ns1:delIndex><ns1:processId>246063232533ce387c45b79093418810</ns1:processId></ns1:cases><ns1:cases><ns1:guid>920196533533e366fb9a879074236642</ns1:guid><ns1:name>351</ns1:name><ns1:status>DRAFT</ns1:status><ns1:delIndex>1</ns1:delIndex><ns1:processId>246063232533ce387c45b79093418810</ns1:processId></ns1:cases><ns1:cases><ns1:guid>488586425533e31f7d02c62005865831</ns1:guid><ns1:name>350</ns1:name><ns1:status>TO_DO</ns1:status><ns1:delIndex>2</ns1:delIndex><ns1:processId>246063232533ce387c45b79093418810</ns1:processId></ns1:cases><ns1:cases><ns1:guid>388854980533e305a8cfcb7037047972</ns1:guid><ns1:name>349</ns1:name><ns1:status>TO_DO</ns1:status><ns1:delIndex>2</ns1:delIndex><ns1:processId>246063232533ce387c45b79093418810</ns1:processId></ns1:cases><ns1:cases><ns1:guid>440032958533e1951c411c7064921991</ns1:guid><ns1:name>348</ns1:name><ns1:status>TO_DO</ns1:status><ns1:delIndex>2</ns1:delIndex><ns1:processId>246063232533ce387c45b79093418810</ns1:processId></ns1:cases><ns1:cases><ns1:guid>880889892533d145c82dbf6096002358</ns1:guid><ns1:name>347</ns1:name><ns1:status>TO_DO</ns1:status><ns1:delIndex>2</ns1:delIndex><ns1:processId>246063232533ce387c45b79093418810</ns1:processId></ns1:cases><ns1:cases><ns1:guid>240539550533d109121e786019302859</ns1:guid><ns1:name>345</ns1:name><ns1:status>TO_DO</ns1:status><ns1:delIndex>2</ns1:delIndex><ns1:processId>246063232533ce387c45b79093418810</ns1:processId></ns1:cases><ns1:cases><ns1:guid>263183593533ce7a1d3f825062464892</ns1:guid><ns1:name>344</ns1:name><ns1:status>DRAFT</ns1:status><ns1:delIndex>1</ns1:delIndex><ns1:processId>246063232533ce387c45b79093418810</ns1:processId></ns1:cases><ns1:cases><ns1:guid>843292236533ce6868f2ca8085711898</ns1:guid><ns1:name>343</ns1:name><ns1:status>TO_DO</ns1:status><ns1:delIndex>2</ns1:delIndex><ns1:processId>246063232533ce387c45b79093418810</ns1:processId></ns1:cases><ns1:cases><ns1:guid>670989990533ce654e673d6016506979</ns1:guid><ns1:name>342</ns1:name><ns1:status>DRAFT</ns1:status><ns1:delIndex>1</ns1:delIndex><ns1:processId>246063232533ce387c45b79093418810</ns1:processId></ns1:cases><ns1:cases><ns1:guid>2310791015332e665b0d274088616222</ns1:guid><ns1:name>339</ns1:name><ns1:status>DRAFT</ns1:status><ns1:delIndex>1</ns1:delIndex><ns1:processId>45690917952d439ce8eb2c9075840898</ns1:processId></ns1:cases><ns1:cases><ns1:guid>88836669952fe806fe96727024943786</ns1:guid><ns1:name>329</ns1:name><ns1:status>DRAFT</ns1:status><ns1:delIndex>1</ns1:delIndex><ns1:processId>45690917952d439ce8eb2c9075840898</ns1:processId></ns1:cases><ns1:cases><ns1:guid>59960937552ebe2546a4c62094498077</ns1:guid><ns1:name>327</ns1:name><ns1:status>DRAFT</ns1:status><ns1:delIndex>1</ns1:delIndex><ns1:processId>45690917952d439ce8eb2c9075840898</ns1:processId></ns1:cases><ns1:cases><ns1:guid>90905761752ebdde213ca43095563119</ns1:guid><ns1:name>326</ns1:name><ns1:status>DRAFT</ns1:status><ns1:delIndex>1</ns1:delIndex><ns1:processId>45690917952d439ce8eb2c9075840898</ns1:processId></ns1:cases><ns1:cases><ns1:guid>75115966752ead5c141a5a9077070530</ns1:guid><ns1:name>325</ns1:name><ns1:status>DRAFT</ns1:status><ns1:delIndex>1</ns1:delIndex><ns1:processId>45690917952d439ce8eb2c9075840898</ns1:processId></ns1:cases><ns1:cases><ns1:guid>39511108352e9772a3e1605084745210</ns1:guid><ns1:name>321</ns1:name><ns1:status>DRAFT</ns1:status><ns1:delIndex>1</ns1:delIndex><ns1:processId>45690917952d439ce8eb2c9075840898</ns1:processId></ns1:cases><ns1:cases><ns1:guid>74050903352e975a8ee7959087081807</ns1:guid><ns1:name>320</ns1:name><ns1:status>DRAFT</ns1:status><ns1:delIndex>1</ns1:delIndex><ns1:processId>45690917952d439ce8eb2c9075840898</ns1:processId></ns1:cases><ns1:cases><ns1:guid>68820190452e974dbbdcaa8051194173</ns1:guid><ns1:name>319</ns1:name><ns1:status>DRAFT</ns1:status><ns1:delIndex>1</ns1:delIndex><ns1:processId>45690917952d439ce8eb2c9075840898</ns1:processId></ns1:cases><ns1:cases><ns1:guid>15026855452e96196b16b49089227274</ns1:guid><ns1:name>318</ns1:name><ns1:status>DRAFT</ns1:status><ns1:delIndex>1</ns1:delIndex><ns1:processId>45690917952d439ce8eb2c9075840898</ns1:processId></ns1:cases><ns1:cases><ns1:guid>90542602552e9286ba76df5037701922</ns1:guid><ns1:name>312</ns1:name><ns1:status>DRAFT</ns1:status><ns1:delIndex>1</ns1:delIndex><ns1:processId>45690917952d439ce8eb2c9075840898</ns1:processId></ns1:cases><ns1:cases><ns1:guid>42105102552e89dd3c09f06098137205</ns1:guid><ns1:name>311</ns1:name><ns1:status>DRAFT</ns1:status><ns1:delIndex>1</ns1:delIndex><ns1:processId>45690917952d439ce8eb2c9075840898</ns1:processId></ns1:cases><ns1:cases><ns1:guid>33880615252e6cd949a90f8080946084</ns1:guid><ns1:name>286</ns1:name><ns1:status>TO_DO</ns1:status><ns1:delIndex>4</ns1:delIndex><ns1:processId>85226440452e4119a788324040692533</ns1:processId></ns1:cases><ns1:cases><ns1:guid>17938232452e6a9c0b052c3017846287</ns1:guid><ns1:name>284</ns1:name><ns1:status>TO_DO</ns1:status><ns1:delIndex>2</ns1:delIndex><ns1:processId>85226440452e4119a788324040692533</ns1:processId></ns1:cases><ns1:cases><ns1:guid>27670288052e6a8d9904965082294850</ns1:guid><ns1:name>283</ns1:name><ns1:status>TO_DO</ns1:status><ns1:delIndex>2</ns1:delIndex><ns1:processId>85226440452e4119a788324040692533</ns1:processId></ns1:cases><ns1:cases><ns1:guid>97253417952e6a8331fbda4021478947</ns1:guid><ns1:name>282</ns1:name><ns1:status>TO_DO</ns1:status><ns1:delIndex>2</ns1:delIndex><ns1:processId>85226440452e4119a788324040692533</ns1:processId></ns1:cases><ns1:cases><ns1:guid>35931396452e6a6be751220041689243</ns1:guid><ns1:name>281</ns1:name><ns1:status>TO_DO</ns1:status><ns1:delIndex>2</ns1:delIndex><ns1:processId>85226440452e4119a788324040692533</ns1:processId></ns1:cases><ns1:cases><ns1:guid>32763671852e6a53db7a192069832539</ns1:guid><ns1:name>280</ns1:name><ns1:status>TO_DO</ns1:status><ns1:delIndex>2</ns1:delIndex><ns1:processId>85226440452e4119a788324040692533</ns1:processId></ns1:cases><ns1:cases><ns1:guid>81860351552e6a27f1945f8074157661</ns1:guid><ns1:name>279</ns1:name><ns1:status>TO_DO</ns1:status><ns1:delIndex>2</ns1:delIndex><ns1:processId>85226440452e4119a788324040692533</ns1:processId></ns1:cases><ns1:cases><ns1:guid>31643676752e69faf6325f0092867251</ns1:guid><ns1:name>278</ns1:name><ns1:status>TO_DO</ns1:status><ns1:delIndex>2</ns1:delIndex><ns1:processId>85226440452e4119a788324040692533</ns1:processId></ns1:cases><ns1:cases><ns1:guid>68084716752e69c9e58cb08017555046</ns1:guid><ns1:name>277</ns1:name><ns1:status>TO_DO</ns1:status><ns1:delIndex>3</ns1:delIndex><ns1:processId>85226440452e4119a788324040692533</ns1:processId></ns1:cases><ns1:cases><ns1:guid>52371215852e461ff2e2d50012169344</ns1:guid><ns1:name>275</ns1:name><ns1:status>TO_DO</ns1:status><ns1:delIndex>3</ns1:delIndex><ns1:processId>85226440452e4119a788324040692533</ns1:processId></ns1:cases><ns1:cases><ns1:guid>93475341752e46044cd8d61070534702</ns1:guid><ns1:name>274</ns1:name><ns1:status>TO_DO</ns1:status><ns1:delIndex>3</ns1:delIndex><ns1:processId>85226440452e4119a788324040692533</ns1:processId></ns1:cases><ns1:cases><ns1:guid>67407226552e42b6f6ac895020787403</ns1:guid><ns1:name>272</ns1:name><ns1:status>TO_DO</ns1:status><ns1:delIndex>4</ns1:delIndex><ns1:processId>85226440452e4119a788324040692533</ns1:processId></ns1:cases><ns1:cases><ns1:guid>6652526855282ab62393df6040856697</ns1:guid><ns1:name>74</ns1:name><ns1:status>TO_DO</ns1:status><ns1:delIndex>2</ns1:delIndex><ns1:processId>658386230527bfec5cc5538089079452</ns1:processId></ns1:cases><ns1:cases><ns1:guid>97265625052826772375507013949408</ns1:guid><ns1:name>73</ns1:name><ns1:status>TO_DO</ns1:status><ns1:delIndex>2</ns1:delIndex><ns1:processId>658386230527bfec5cc5538089079452</ns1:processId></ns1:cases><ns1:cases><ns1:guid>81845092752808dfb87a634078415673</ns1:guid><ns1:name>52</ns1:name><ns1:status>TO_DO</ns1:status><ns1:delIndex>2</ns1:delIndex><ns1:processId>658386230527bfec5cc5538089079452</ns1:processId></ns1:cases><ns1:cases><ns1:guid>793182373524c833074b689071880674</ns1:guid><ns1:name>33</ns1:name><ns1:status>TO_DO</ns1:status><ns1:delIndex>2</ns1:delIndex><ns1:processId>2747079064995ff7ab82369080226467</ns1:processId></ns1:cases><ns1:cases><ns1:guid>4413757325249b141056231030291399</ns1:guid><ns1:name>32</ns1:name><ns1:status>TO_DO</ns1:status><ns1:delIndex>3</ns1:delIndex><ns1:processId>1248587114a5bb7ca0b7070051066835</ns1:processId></ns1:cases><ns1:cases><ns1:guid>387542724522f703e98b216095128145</ns1:guid><ns1:name>21</ns1:name><ns1:status>TO_DO</ns1:status><ns1:delIndex>2</ns1:delIndex><ns1:processId>9307187034d63bc32b49551073600955</ns1:processId></ns1:cases></ns1:caseListResponse></SOAP-ENV:Body></SOAP-ENV:Envelope>