<soapenv:Envelope xmlns:soapenv="http://schemas.xmlsoap.org/soap/envelope/" xmlns:soap="http://soap.service.acme.com">
   <soapenv:Header/>
   <soapenv:Body>
      <soap:updateInvoices>
         <soap:processID>58959960954409a3a51d358046560264</soap:processID>
         <soap:caseID>94061279254534419cdb2d0064055537</soap:caseID>
         <!--1 or more repetitions:-->
         <soap:apControl>
            
         </soap:apControl>

         <soap:control>?18556</soap:control>
         <soap:company>0</soap:company>
         <soap:partition>D46</soap:partition>
         <soap:caseNumber> </soap:caseNumber>
         <soap:casePIN> </soap:casePIN>
         <soap:createUser>patrickf</soap:createUser>
         <soap:approveUser>patrickf</soap:approveUser>
         <soap:bemsMessageQ> </soap:bemsMessageQ>
         <soap:bemsMessage> </soap:bemsMessage>
      </soap:updateInvoices>
   </soapenv:Body>
</soapenv:Envelope>